数据组,实验序号,配置ID,A水平,B水平,C水平,D水平,精度模式,Batch,算子实现,图优化策略,Buffer优化,Tiling优化,单流,输入形状,编译成功,记录检查,FPS,平均批延迟_ms,P95批延迟_ms,P99批延迟_ms,平均余弦,最小余弦,实际测量Batch,计时次数字段,验证样本数,随机种子,验证错误,其他错误,ATC命令,数据来源,逐样本数值验证记录
81组实验数据2,1,A1-B1-C1-D1,1,1,1,1,force_fp32,1,high_precision,standard_l2,l2_optimize,0,否,"input:1,3,224,224",是,记录满足检查,477.4881492,2.094292815,2.147913992,2.202529904,1,1,1,1000,10,42,,,"atc --model=/home/AscendWork/auto_tune2.0/resnet18_full.onnx --input_shape=""input:1,3,224,224"" --framework=5 --soc_version=Ascend310B1 --output=results/om_models/model_exp1 --precision_mode=force_fp32 --op_select_implmode=high_precision --buffer_optimize=l2_optimize --tiling_schedule_optimize=0 --enable_single_stream=false --input_format=NCHW",C:\Users\25726\Desktop\论文\应用科学\实验数据\81组实验数据2\evaluation_report.json,"[{""sample_id"":0,""cosine_similarity"":1.0},{""sample_id"":1,""cosine_similarity"":1.0},{""sample_id"":2,""cosine_similarity"":1.0},{""sample_id"":3,""cosine_similarity"":1.0},{""sample_id"":4,""cosine_similarity"":1.0},{""sample_id"":5,""cosine_similarity"":1.0},{""sample_id"":6,""cosine_similarity"":1.0},{""sample_id"":7,""cosine_similarity"":1.0},{""sample_id"":8,""cosine_similarity"":1.0},{""sample_id"":9,""cosine_similarity"":1.0}]"
81组实验数据2,2,A1-B1-C1-D2,1,1,1,2,force_fp32,1,high_precision,l2_with_tiling,l2_optimize,1,否,"input:1,3,224,224",是,记录满足检查,476.5992154,2.098199006,2.142050859,2.187693484,1,1,1,1000,10,42,,,"atc --model=/home/AscendWork/auto_tune2.0/resnet18_full.onnx --input_shape=""input:1,3,224,224"" --framework=5 --soc_version=Ascend310B1 --output=results/om_models/model_exp2 --precision_mode=force_fp32 --op_select_implmode=high_precision --buffer_optimize=l2_optimize --tiling_schedule_optimize=1 --enable_single_stream=false --input_format=NCHW",C:\Users\25726\Desktop\论文\应用科学\实验数据\81组实验数据2\evaluation_report.json,"[{""sample_id"":0,""cosine_similarity"":1.0},{""sample_id"":1,""cosine_similarity"":1.0},{""sample_id"":2,""cosine_similarity"":1.0},{""sample_id"":3,""cosine_similarity"":1.0},{""sample_id"":4,""cosine_similarity"":1.0},{""sample_id"":5,""cosine_similarity"":1.0},{""sample_id"":6,""cosine_similarity"":1.0},{""sample_id"":7,""cosine_similarity"":1.0},{""sample_id"":8,""cosine_similarity"":1.0},{""sample_id"":9,""cosine_similarity"":1.0}]"
81组实验数据2,3,A1-B1-C1-D3,1,1,1,3,force_fp32,1,high_precision,l2_single_stream,l2_optimize,0,是,"input:1,3,224,224",是,记录满足检查,477.6309263,2.093666773,2.122450235,2.209916592,1,1,1,1000,10,42,,,"atc --model=/home/AscendWork/auto_tune2.0/resnet18_full.onnx --input_shape=""input:1,3,224,224"" --framework=5 --soc_version=Ascend310B1 --output=results/om_models/model_exp3 --precision_mode=force_fp32 --op_select_implmode=high_precision --buffer_optimize=l2_optimize --tiling_schedule_optimize=0 --enable_single_stream=true --input_format=NCHW",C:\Users\25726\Desktop\论文\应用科学\实验数据\81组实验数据2\evaluation_report.json,"[{""sample_id"":0,""cosine_similarity"":1.0},{""sample_id"":1,""cosine_similarity"":1.0},{""sample_id"":2,""cosine_similarity"":1.0},{""sample_id"":3,""cosine_similarity"":1.0},{""sample_id"":4,""cosine_similarity"":1.0},{""sample_id"":5,""cosine_similarity"":1.0},{""sample_id"":6,""cosine_similarity"":1.0},{""sample_id"":7,""cosine_similarity"":1.0},{""sample_id"":8,""cosine_similarity"":1.0},{""sample_id"":9,""cosine_similarity"":1.0}]"
81组实验数据2,4,A1-B1-C2-D1,1,1,2,1,force_fp32,1,high_performance,standard_l2,l2_optimize,0,否,"input:1,3,224,224",是,记录满足检查,477.1480312,2.095785657,2.129250642,2.20819902,1,1,1,1000,10,42,,,"atc --model=/home/AscendWork/auto_tune2.0/resnet18_full.onnx --input_shape=""input:1,3,224,224"" --framework=5 --soc_version=Ascend310B1 --output=results/om_models/model_exp4 --precision_mode=force_fp32 --op_select_implmode=high_performance --buffer_optimize=l2_optimize --tiling_schedule_optimize=0 --enable_single_stream=false --input_format=NCHW",C:\Users\25726\Desktop\论文\应用科学\实验数据\81组实验数据2\evaluation_report.json,"[{""sample_id"":0,""cosine_similarity"":1.0},{""sample_id"":1,""cosine_similarity"":1.0},{""sample_id"":2,""cosine_similarity"":1.0},{""sample_id"":3,""cosine_similarity"":1.0},{""sample_id"":4,""cosine_similarity"":1.0},{""sample_id"":5,""cosine_similarity"":1.0},{""sample_id"":6,""cosine_similarity"":1.0},{""sample_id"":7,""cosine_similarity"":1.0},{""sample_id"":8,""cosine_similarity"":1.0},{""sample_id"":9,""cosine_similarity"":1.0}]"
81组实验数据2,5,A1-B1-C2-D2,1,1,2,2,force_fp32,1,high_performance,l2_with_tiling,l2_optimize,1,否,"input:1,3,224,224",是,记录满足检查,476.8243145,2.097208489,2.119722859,2.198674105,1,1,1,1000,10,42,,,"atc --model=/home/AscendWork/auto_tune2.0/resnet18_full.onnx --input_shape=""input:1,3,224,224"" --framework=5 --soc_version=Ascend310B1 --output=results/om_models/model_exp5 --precision_mode=force_fp32 --op_select_implmode=high_performance --buffer_optimize=l2_optimize --tiling_schedule_optimize=1 --enable_single_stream=false --input_format=NCHW",C:\Users\25726\Desktop\论文\应用科学\实验数据\81组实验数据2\evaluation_report.json,"[{""sample_id"":0,""cosine_similarity"":1.0},{""sample_id"":1,""cosine_similarity"":1.0},{""sample_id"":2,""cosine_similarity"":1.0},{""sample_id"":3,""cosine_similarity"":1.0},{""sample_id"":4,""cosine_similarity"":1.0},{""sample_id"":5,""cosine_similarity"":1.0},{""sample_id"":6,""cosine_similarity"":1.0},{""sample_id"":7,""cosine_similarity"":1.0},{""sample_id"":8,""cosine_similarity"":1.0},{""sample_id"":9,""cosine_similarity"":1.0}]"
81组实验数据2,6,A1-B1-C2-D3,1,1,2,3,force_fp32,1,high_performance,l2_single_stream,l2_optimize,0,是,"input:1,3,224,224",是,记录满足检查,475.9229724,2.101180355,2.147840357,2.206169892,1,1,1,1000,10,42,,,"atc --model=/home/AscendWork/auto_tune2.0/resnet18_full.onnx --input_shape=""input:1,3,224,224"" --framework=5 --soc_version=Ascend310B1 --output=results/om_models/model_exp6 --precision_mode=force_fp32 --op_select_implmode=high_performance --buffer_optimize=l2_optimize --tiling_schedule_optimize=0 --enable_single_stream=true --input_format=NCHW",C:\Users\25726\Desktop\论文\应用科学\实验数据\81组实验数据2\evaluation_report.json,"[{""sample_id"":0,""cosine_similarity"":1.0},{""sample_id"":1,""cosine_similarity"":1.0},{""sample_id"":2,""cosine_similarity"":1.0},{""sample_id"":3,""cosine_similarity"":1.0},{""sample_id"":4,""cosine_similarity"":1.0},{""sample_id"":5,""cosine_similarity"":1.0},{""sample_id"":6,""cosine_similarity"":1.0},{""sample_id"":7,""cosine_similarity"":1.0},{""sample_id"":8,""cosine_similarity"":1.0},{""sample_id"":9,""cosine_similarity"":1.0}]"
81组实验数据2,7,A1-B1-C3-D1,1,1,3,1,force_fp32,1,high_performance_for_all,standard_l2,l2_optimize,0,否,"input:1,3,224,224",是,记录满足检查,462.4469161,2.162410355,2.204057419,3.482542332,1,1,1,1000,10,42,,,"atc --model=/home/AscendWork/auto_tune2.0/resnet18_full.onnx --input_shape=""input:1,3,224,224"" --framework=5 --soc_version=Ascend310B1 --output=results/om_models/model_exp7 --precision_mode=force_fp32 --op_select_implmode=high_performance_for_all --buffer_optimize=l2_optimize --tiling_schedule_optimize=0 --enable_single_stream=false --input_format=NCHW",C:\Users\25726\Desktop\论文\应用科学\实验数据\81组实验数据2\evaluation_report.json,"[{""sample_id"":0,""cosine_similarity"":1.0},{""sample_id"":1,""cosine_similarity"":1.0},{""sample_id"":2,""cosine_similarity"":1.0},{""sample_id"":3,""cosine_similarity"":1.0},{""sample_id"":4,""cosine_similarity"":1.0},{""sample_id"":5,""cosine_similarity"":1.0},{""sample_id"":6,""cosine_similarity"":1.0},{""sample_id"":7,""cosine_similarity"":1.0},{""sample_id"":8,""cosine_similarity"":1.0},{""sample_id"":9,""cosine_similarity"":1.0}]"
81组实验数据2,8,A1-B1-C3-D2,1,1,3,2,force_fp32,1,high_performance_for_all,l2_with_tiling,l2_optimize,1,否,"input:1,3,224,224",是,记录满足检查,476.4638666,2.09879504,2.12847964,2.202299007,1,1,1,1000,10,42,,,"atc --model=/home/AscendWork/auto_tune2.0/resnet18_full.onnx --input_shape=""input:1,3,224,224"" --framework=5 --soc_version=Ascend310B1 --output=results/om_models/model_exp8 --precision_mode=force_fp32 --op_select_implmode=high_performance_for_all --buffer_optimize=l2_optimize --tiling_schedule_optimize=1 --enable_single_stream=false --input_format=NCHW",C:\Users\25726\Desktop\论文\应用科学\实验数据\81组实验数据2\evaluation_report.json,"[{""sample_id"":0,""cosine_similarity"":1.0},{""sample_id"":1,""cosine_similarity"":1.0},{""sample_id"":2,""cosine_similarity"":1.0},{""sample_id"":3,""cosine_similarity"":1.0},{""sample_id"":4,""cosine_similarity"":1.0},{""sample_id"":5,""cosine_similarity"":1.0},{""sample_id"":6,""cosine_similarity"":1.0},{""sample_id"":7,""cosine_similarity"":1.0},{""sample_id"":8,""cosine_similarity"":1.0},{""sample_id"":9,""cosine_similarity"":1.0}]"
81组实验数据2,9,A1-B1-C3-D3,1,1,3,3,force_fp32,1,high_performance_for_all,l2_single_stream,l2_optimize,0,是,"input:1,3,224,224",是,记录满足检查,475.7644358,2.101880521,2.13153456,2.191499445,1,1,1,1000,10,42,,,"atc --model=/home/AscendWork/auto_tune2.0/resnet18_full.onnx --input_shape=""input:1,3,224,224"" --framework=5 --soc_version=Ascend310B1 --output=results/om_models/model_exp9 --precision_mode=force_fp32 --op_select_implmode=high_performance_for_all --buffer_optimize=l2_optimize --tiling_schedule_optimize=0 --enable_single_stream=true --input_format=NCHW",C:\Users\25726\Desktop\论文\应用科学\实验数据\81组实验数据2\evaluation_report.json,"[{""sample_id"":0,""cosine_similarity"":1.0},{""sample_id"":1,""cosine_similarity"":1.0},{""sample_id"":2,""cosine_similarity"":1.0},{""sample_id"":3,""cosine_similarity"":1.0},{""sample_id"":4,""cosine_similarity"":1.0},{""sample_id"":5,""cosine_similarity"":1.0},{""sample_id"":6,""cosine_similarity"":1.0},{""sample_id"":7,""cosine_similarity"":1.0},{""sample_id"":8,""cosine_similarity"":1.0},{""sample_id"":9,""cosine_similarity"":1.0}]"
81组实验数据2,10,A1-B2-C1-D1,1,2,1,1,force_fp32,4,high_precision,standard_l2,l2_optimize,0,否,"input:4,3,224,224",是,记录满足检查,455.2642643,8.786105815,8.835193525,12.00516848,1,0.999999,4,1000,10,42,,,"atc --model=/home/AscendWork/auto_tune2.0/resnet18_full.onnx --input_shape=""input:4,3,224,224"" --framework=5 --soc_version=Ascend310B1 --output=results/om_models/model_exp10 --precision_mode=force_fp32 --op_select_implmode=high_precision --buffer_optimize=l2_optimize --tiling_schedule_optimize=0 --enable_single_stream=false --input_format=NCHW",C:\Users\25726\Desktop\论文\应用科学\实验数据\81组实验数据2\evaluation_report.json,"[{""sample_id"":0,""cosine_similarity"":1.0},{""sample_id"":1,""cosine_similarity"":1.0},{""sample_id"":2,""cosine_similarity"":1.0},{""sample_id"":3,""cosine_similarity"":0.999999},{""sample_id"":4,""cosine_similarity"":1.0},{""sample_id"":5,""cosine_similarity"":1.0},{""sample_id"":6,""cosine_similarity"":1.0},{""sample_id"":7,""cosine_similarity"":1.0},{""sample_id"":8,""cosine_similarity"":1.0},{""sample_id"":9,""cosine_similarity"":1.0}]"
81组实验数据2,11,A1-B2-C1-D2,1,2,1,2,force_fp32,4,high_precision,l2_with_tiling,l2_optimize,1,否,"input:4,3,224,224",是,记录满足检查,463.2934863,8.633836042,8.829425939,11.98352433,1,0.999999,4,1000,10,42,,,"atc --model=/home/AscendWork/auto_tune2.0/resnet18_full.onnx --input_shape=""input:4,3,224,224"" --framework=5 --soc_version=Ascend310B1 --output=results/om_models/model_exp11 --precision_mode=force_fp32 --op_select_implmode=high_precision --buffer_optimize=l2_optimize --tiling_schedule_optimize=1 --enable_single_stream=false --input_format=NCHW",C:\Users\25726\Desktop\论文\应用科学\实验数据\81组实验数据2\evaluation_report.json,"[{""sample_id"":0,""cosine_similarity"":1.0},{""sample_id"":1,""cosine_similarity"":1.0},{""sample_id"":2,""cosine_similarity"":1.0},{""sample_id"":3,""cosine_similarity"":0.999999},{""sample_id"":4,""cosine_similarity"":1.0},{""sample_id"":5,""cosine_similarity"":1.0},{""sample_id"":6,""cosine_similarity"":1.0},{""sample_id"":7,""cosine_similarity"":1.0},{""sample_id"":8,""cosine_similarity"":1.0},{""sample_id"":9,""cosine_similarity"":1.0}]"
81组实验数据2,12,A1-B2-C1-D3,1,2,1,3,force_fp32,4,high_precision,l2_single_stream,l2_optimize,0,是,"input:4,3,224,224",是,记录满足检查,458.1315211,8.731117192,8.822109039,11.39398608,1,0.999999,4,1000,10,42,,,"atc --model=/home/AscendWork/auto_tune2.0/resnet18_full.onnx --input_shape=""input:4,3,224,224"" --framework=5 --soc_version=Ascend310B1 --output=results/om_models/model_exp12 --precision_mode=force_fp32 --op_select_implmode=high_precision --buffer_optimize=l2_optimize --tiling_schedule_optimize=0 --enable_single_stream=true --input_format=NCHW",C:\Users\25726\Desktop\论文\应用科学\实验数据\81组实验数据2\evaluation_report.json,"[{""sample_id"":0,""cosine_similarity"":1.0},{""sample_id"":1,""cosine_similarity"":1.0},{""sample_id"":2,""cosine_similarity"":1.0},{""sample_id"":3,""cosine_similarity"":0.999999},{""sample_id"":4,""cosine_similarity"":1.0},{""sample_id"":5,""cosine_similarity"":1.0},{""sample_id"":6,""cosine_similarity"":1.0},{""sample_id"":7,""cosine_similarity"":1.0},{""sample_id"":8,""cosine_similarity"":1.0},{""sample_id"":9,""cosine_similarity"":1.0}]"
81组实验数据2,13,A1-B2-C2-D1,1,2,2,1,force_fp32,4,high_performance,standard_l2,l2_optimize,0,否,"input:4,3,224,224",是,记录满足检查,461.9351573,8.659223999,8.780395795,8.887659745,1,0.999999,4,1000,10,42,,,"atc --model=/home/AscendWork/auto_tune2.0/resnet18_full.onnx --input_shape=""input:4,3,224,224"" --framework=5 --soc_version=Ascend310B1 --output=results/om_models/model_exp13 --precision_mode=force_fp32 --op_select_implmode=high_performance --buffer_optimize=l2_optimize --tiling_schedule_optimize=0 --enable_single_stream=false --input_format=NCHW",C:\Users\25726\Desktop\论文\应用科学\实验数据\81组实验数据2\evaluation_report.json,"[{""sample_id"":0,""cosine_similarity"":1.0},{""sample_id"":1,""cosine_similarity"":1.0},{""sample_id"":2,""cosine_similarity"":1.0},{""sample_id"":3,""cosine_similarity"":0.999999},{""sample_id"":4,""cosine_similarity"":1.0},{""sample_id"":5,""cosine_similarity"":1.0},{""sample_id"":6,""cosine_similarity"":1.0},{""sample_id"":7,""cosine_similarity"":1.0},{""sample_id"":8,""cosine_similarity"":1.0},{""sample_id"":9,""cosine_similarity"":1.0}]"
81组实验数据2,14,A1-B2-C2-D2,1,2,2,2,force_fp32,4,high_performance,l2_with_tiling,l2_optimize,1,否,"input:4,3,224,224",是,记录满足检查,455.3991718,8.783503018,8.825018269,11.87526989,1,0.999999,4,1000,10,42,,,"atc --model=/home/AscendWork/auto_tune2.0/resnet18_full.onnx --input_shape=""input:4,3,224,224"" --framework=5 --soc_version=Ascend310B1 --output=results/om_models/model_exp14 --precision_mode=force_fp32 --op_select_implmode=high_performance --buffer_optimize=l2_optimize --tiling_schedule_optimize=1 --enable_single_stream=false --input_format=NCHW",C:\Users\25726\Desktop\论文\应用科学\实验数据\81组实验数据2\evaluation_report.json,"[{""sample_id"":0,""cosine_similarity"":1.0},{""sample_id"":1,""cosine_similarity"":1.0},{""sample_id"":2,""cosine_similarity"":1.0},{""sample_id"":3,""cosine_similarity"":0.999999},{""sample_id"":4,""cosine_similarity"":1.0},{""sample_id"":5,""cosine_similarity"":1.0},{""sample_id"":6,""cosine_similarity"":1.0},{""sample_id"":7,""cosine_similarity"":1.0},{""sample_id"":8,""cosine_similarity"":1.0},{""sample_id"":9,""cosine_similarity"":1.0}]"
81组实验数据2,15,A1-B2-C2-D3,1,2,2,3,force_fp32,4,high_performance,l2_single_stream,l2_optimize,0,是,"input:4,3,224,224",是,记录满足检查,461.2728516,8.671657103,8.814060427,8.906859772,1,0.999999,4,1000,10,42,,,"atc --model=/home/AscendWork/auto_tune2.0/resnet18_full.onnx --input_shape=""input:4,3,224,224"" --framework=5 --soc_version=Ascend310B1 --output=results/om_models/model_exp15 --precision_mode=force_fp32 --op_select_implmode=high_performance --buffer_optimize=l2_optimize --tiling_schedule_optimize=0 --enable_single_stream=true --input_format=NCHW",C:\Users\25726\Desktop\论文\应用科学\实验数据\81组实验数据2\evaluation_report.json,"[{""sample_id"":0,""cosine_similarity"":1.0},{""sample_id"":1,""cosine_similarity"":1.0},{""sample_id"":2,""cosine_similarity"":1.0},{""sample_id"":3,""cosine_similarity"":0.999999},{""sample_id"":4,""cosine_similarity"":1.0},{""sample_id"":5,""cosine_similarity"":1.0},{""sample_id"":6,""cosine_similarity"":1.0},{""sample_id"":7,""cosine_similarity"":1.0},{""sample_id"":8,""cosine_similarity"":1.0},{""sample_id"":9,""cosine_similarity"":1.0}]"
81组实验数据2,16,A1-B2-C3-D1,1,2,3,1,force_fp32,4,high_performance_for_all,standard_l2,l2_optimize,0,否,"input:4,3,224,224",是,记录满足检查,461.7934608,8.661880991,8.822606414,8.821889433,1,0.999999,4,1000,10,42,,,"atc --model=/home/AscendWork/auto_tune2.0/resnet18_full.onnx --input_shape=""input:4,3,224,224"" --framework=5 --soc_version=Ascend310B1 --output=results/om_models/model_exp16 --precision_mode=force_fp32 --op_select_implmode=high_performance_for_all --buffer_optimize=l2_optimize --tiling_schedule_optimize=0 --enable_single_stream=false --input_format=NCHW",C:\Users\25726\Desktop\论文\应用科学\实验数据\81组实验数据2\evaluation_report.json,"[{""sample_id"":0,""cosine_similarity"":1.0},{""sample_id"":1,""cosine_similarity"":1.0},{""sample_id"":2,""cosine_similarity"":1.0},{""sample_id"":3,""cosine_similarity"":0.999999},{""sample_id"":4,""cosine_similarity"":1.0},{""sample_id"":5,""cosine_similarity"":1.0},{""sample_id"":6,""cosine_similarity"":1.0},{""sample_id"":7,""cosine_similarity"":1.0},{""sample_id"":8,""cosine_similarity"":1.0},{""sample_id"":9,""cosine_similarity"":1.0}]"
81组实验数据2,17,A1-B2-C3-D2,1,2,3,2,force_fp32,4,high_performance_for_all,l2_with_tiling,l2_optimize,1,否,"input:4,3,224,224",是,记录满足检查,455.6651721,8.778375537,8.794647419,12.78166536,1,0.999999,4,1000,10,42,,,"atc --model=/home/AscendWork/auto_tune2.0/resnet18_full.onnx --input_shape=""input:4,3,224,224"" --framework=5 --soc_version=Ascend310B1 --output=results/om_models/model_exp17 --precision_mode=force_fp32 --op_select_implmode=high_performance_for_all --buffer_optimize=l2_optimize --tiling_schedule_optimize=1 --enable_single_stream=false --input_format=NCHW",C:\Users\25726\Desktop\论文\应用科学\实验数据\81组实验数据2\evaluation_report.json,"[{""sample_id"":0,""cosine_similarity"":1.0},{""sample_id"":1,""cosine_similarity"":1.0},{""sample_id"":2,""cosine_similarity"":1.0},{""sample_id"":3,""cosine_similarity"":0.999999},{""sample_id"":4,""cosine_similarity"":1.0},{""sample_id"":5,""cosine_similarity"":1.0},{""sample_id"":6,""cosine_similarity"":1.0},{""sample_id"":7,""cosine_similarity"":1.0},{""sample_id"":8,""cosine_similarity"":1.0},{""sample_id"":9,""cosine_similarity"":1.0}]"
81组实验数据2,18,A1-B2-C3-D3,1,2,3,3,force_fp32,4,high_performance_for_all,l2_single_stream,l2_optimize,0,是,"input:4,3,224,224",是,记录满足检查,450.2050803,8.884839765,8.889925701,13.11418054,1,0.999999,4,1000,10,42,,,"atc --model=/home/AscendWork/auto_tune2.0/resnet18_full.onnx --input_shape=""input:4,3,224,224"" --framework=5 --soc_version=Ascend310B1 --output=results/om_models/model_exp18 --precision_mode=force_fp32 --op_select_implmode=high_performance_for_all --buffer_optimize=l2_optimize --tiling_schedule_optimize=0 --enable_single_stream=true --input_format=NCHW",C:\Users\25726\Desktop\论文\应用科学\实验数据\81组实验数据2\evaluation_report.json,"[{""sample_id"":0,""cosine_similarity"":1.0},{""sample_id"":1,""cosine_similarity"":1.0},{""sample_id"":2,""cosine_similarity"":1.0},{""sample_id"":3,""cosine_similarity"":0.999999},{""sample_id"":4,""cosine_similarity"":1.0},{""sample_id"":5,""cosine_similarity"":1.0},{""sample_id"":6,""cosine_similarity"":1.0},{""sample_id"":7,""cosine_similarity"":1.0},{""sample_id"":8,""cosine_similarity"":1.0},{""sample_id"":9,""cosine_similarity"":1.0}]"
81组实验数据2,19,A1-B3-C1-D1,1,3,1,1,force_fp32,16,high_precision,standard_l2,l2_optimize,0,否,"input:16,3,224,224",是,记录满足检查,416.2597096,38.43754183,39.02225645,39.25264774,1,1,16,1000,10,42,,,"atc --model=/home/AscendWork/auto_tune2.0/resnet18_full.onnx --input_shape=""input:16,3,224,224"" --framework=5 --soc_version=Ascend310B1 --output=results/om_models/model_exp19 --precision_mode=force_fp32 --op_select_implmode=high_precision --buffer_optimize=l2_optimize --tiling_schedule_optimize=0 --enable_single_stream=false --input_format=NCHW",C:\Users\25726\Desktop\论文\应用科学\实验数据\81组实验数据2\evaluation_report.json,"[{""sample_id"":0,""cosine_similarity"":1.0},{""sample_id"":1,""cosine_similarity"":1.0},{""sample_id"":2,""cosine_similarity"":1.0},{""sample_id"":3,""cosine_similarity"":1.0},{""sample_id"":4,""cosine_similarity"":1.0},{""sample_id"":5,""cosine_similarity"":1.0},{""sample_id"":6,""cosine_similarity"":1.0},{""sample_id"":7,""cosine_similarity"":1.0},{""sample_id"":8,""cosine_similarity"":1.0},{""sample_id"":9,""cosine_similarity"":1.0}]"
81组实验数据2,20,A1-B3-C1-D2,1,3,1,2,force_fp32,16,high_precision,l2_with_tiling,l2_optimize,1,否,"input:16,3,224,224",是,记录满足检查,414.7614382,38.57639242,38.67100973,38.75740522,1,1,16,1000,10,42,,,"atc --model=/home/AscendWork/auto_tune2.0/resnet18_full.onnx --input_shape=""input:16,3,224,224"" --framework=5 --soc_version=Ascend310B1 --output=results/om_models/model_exp20 --precision_mode=force_fp32 --op_select_implmode=high_precision --buffer_optimize=l2_optimize --tiling_schedule_optimize=1 --enable_single_stream=false --input_format=NCHW",C:\Users\25726\Desktop\论文\应用科学\实验数据\81组实验数据2\evaluation_report.json,"[{""sample_id"":0,""cosine_similarity"":1.0},{""sample_id"":1,""cosine_similarity"":1.0},{""sample_id"":2,""cosine_similarity"":1.0},{""sample_id"":3,""cosine_similarity"":1.0},{""sample_id"":4,""cosine_similarity"":1.0},{""sample_id"":5,""cosine_similarity"":1.0},{""sample_id"":6,""cosine_similarity"":1.0},{""sample_id"":7,""cosine_similarity"":1.0},{""sample_id"":8,""cosine_similarity"":1.0},{""sample_id"":9,""cosine_similarity"":1.0}]"
81组实验数据2,21,A1-B3-C1-D3,1,3,1,3,force_fp32,16,high_precision,l2_single_stream,l2_optimize,0,是,"input:16,3,224,224",是,记录满足检查,412.1641428,38.81948558,39.36285831,39.61898928,1,1,16,1000,10,42,,,"atc --model=/home/AscendWork/auto_tune2.0/resnet18_full.onnx --input_shape=""input:16,3,224,224"" --framework=5 --soc_version=Ascend310B1 --output=results/om_models/model_exp21 --precision_mode=force_fp32 --op_select_implmode=high_precision --buffer_optimize=l2_optimize --tiling_schedule_optimize=0 --enable_single_stream=true --input_format=NCHW",C:\Users\25726\Desktop\论文\应用科学\实验数据\81组实验数据2\evaluation_report.json,"[{""sample_id"":0,""cosine_similarity"":1.0},{""sample_id"":1,""cosine_similarity"":1.0},{""sample_id"":2,""cosine_similarity"":1.0},{""sample_id"":3,""cosine_similarity"":1.0},{""sample_id"":4,""cosine_similarity"":1.0},{""sample_id"":5,""cosine_similarity"":1.0},{""sample_id"":6,""cosine_similarity"":1.0},{""sample_id"":7,""cosine_similarity"":1.0},{""sample_id"":8,""cosine_similarity"":1.0},{""sample_id"":9,""cosine_similarity"":1.0}]"
81组实验数据2,22,A1-B3-C2-D1,1,3,2,1,force_fp32,16,high_performance,standard_l2,l2_optimize,0,否,"input:16,3,224,224",是,记录满足检查,412.9944497,38.74144074,38.98545053,39.02890396,1,1,16,1000,10,42,,,"atc --model=/home/AscendWork/auto_tune2.0/resnet18_full.onnx --input_shape=""input:16,3,224,224"" --framework=5 --soc_version=Ascend310B1 --output=results/om_models/model_exp22 --precision_mode=force_fp32 --op_select_implmode=high_performance --buffer_optimize=l2_optimize --tiling_schedule_optimize=0 --enable_single_stream=false --input_format=NCHW",C:\Users\25726\Desktop\论文\应用科学\实验数据\81组实验数据2\evaluation_report.json,"[{""sample_id"":0,""cosine_similarity"":1.0},{""sample_id"":1,""cosine_similarity"":1.0},{""sample_id"":2,""cosine_similarity"":1.0},{""sample_id"":3,""cosine_similarity"":1.0},{""sample_id"":4,""cosine_similarity"":1.0},{""sample_id"":5,""cosine_similarity"":1.0},{""sample_id"":6,""cosine_similarity"":1.0},{""sample_id"":7,""cosine_similarity"":1.0},{""sample_id"":8,""cosine_similarity"":1.0},{""sample_id"":9,""cosine_similarity"":1.0}]"
81组实验数据2,23,A1-B3-C2-D2,1,3,2,2,force_fp32,16,high_performance,l2_with_tiling,l2_optimize,1,否,"input:16,3,224,224",是,记录满足检查,416.0521419,38.45671825,39.0334309,39.17302418,1,1,16,1000,10,42,,,"atc --model=/home/AscendWork/auto_tune2.0/resnet18_full.onnx --input_shape=""input:16,3,224,224"" --framework=5 --soc_version=Ascend310B1 --output=results/om_models/model_exp23 --precision_mode=force_fp32 --op_select_implmode=high_performance --buffer_optimize=l2_optimize --tiling_schedule_optimize=1 --enable_single_stream=false --input_format=NCHW",C:\Users\25726\Desktop\论文\应用科学\实验数据\81组实验数据2\evaluation_report.json,"[{""sample_id"":0,""cosine_similarity"":1.0},{""sample_id"":1,""cosine_similarity"":1.0},{""sample_id"":2,""cosine_similarity"":1.0},{""sample_id"":3,""cosine_similarity"":1.0},{""sample_id"":4,""cosine_similarity"":1.0},{""sample_id"":5,""cosine_similarity"":1.0},{""sample_id"":6,""cosine_similarity"":1.0},{""sample_id"":7,""cosine_similarity"":1.0},{""sample_id"":8,""cosine_similarity"":1.0},{""sample_id"":9,""cosine_similarity"":1.0}]"
81组实验数据2,24,A1-B3-C2-D3,1,3,2,3,force_fp32,16,high_performance,l2_single_stream,l2_optimize,0,是,"input:16,3,224,224",是,记录满足检查,415.8297429,38.47728613,38.92575433,38.87970089,1,1,16,1000,10,42,,,"atc --model=/home/AscendWork/auto_tune2.0/resnet18_full.onnx --input_shape=""input:16,3,224,224"" --framework=5 --soc_version=Ascend310B1 --output=results/om_models/model_exp24 --precision_mode=force_fp32 --op_select_implmode=high_performance --buffer_optimize=l2_optimize --tiling_schedule_optimize=0 --enable_single_stream=true --input_format=NCHW",C:\Users\25726\Desktop\论文\应用科学\实验数据\81组实验数据2\evaluation_report.json,"[{""sample_id"":0,""cosine_similarity"":1.0},{""sample_id"":1,""cosine_similarity"":1.0},{""sample_id"":2,""cosine_similarity"":1.0},{""sample_id"":3,""cosine_similarity"":1.0},{""sample_id"":4,""cosine_similarity"":1.0},{""sample_id"":5,""cosine_similarity"":1.0},{""sample_id"":6,""cosine_similarity"":1.0},{""sample_id"":7,""cosine_similarity"":1.0},{""sample_id"":8,""cosine_similarity"":1.0},{""sample_id"":9,""cosine_similarity"":1.0}]"
81组实验数据2,25,A1-B3-C3-D1,1,3,3,1,force_fp32,16,high_performance_for_all,standard_l2,l2_optimize,0,否,"input:16,3,224,224",是,记录满足检查,414.1859967,38.6299878,39.07859361,40.81899656,1,1,16,1000,10,42,,,"atc --model=/home/AscendWork/auto_tune2.0/resnet18_full.onnx --input_shape=""input:16,3,224,224"" --framework=5 --soc_version=Ascend310B1 --output=results/om_models/model_exp25 --precision_mode=force_fp32 --op_select_implmode=high_performance_for_all --buffer_optimize=l2_optimize --tiling_schedule_optimize=0 --enable_single_stream=false --input_format=NCHW",C:\Users\25726\Desktop\论文\应用科学\实验数据\81组实验数据2\evaluation_report.json,"[{""sample_id"":0,""cosine_similarity"":1.0},{""sample_id"":1,""cosine_similarity"":1.0},{""sample_id"":2,""cosine_similarity"":1.0},{""sample_id"":3,""cosine_similarity"":1.0},{""sample_id"":4,""cosine_similarity"":1.0},{""sample_id"":5,""cosine_similarity"":1.0},{""sample_id"":6,""cosine_similarity"":1.0},{""sample_id"":7,""cosine_similarity"":1.0},{""sample_id"":8,""cosine_similarity"":1.0},{""sample_id"":9,""cosine_similarity"":1.0}]"
81组实验数据2,26,A1-B3-C3-D2,1,3,3,2,force_fp32,16,high_performance_for_all,l2_with_tiling,l2_optimize,1,否,"input:16,3,224,224",是,记录满足检查,407.7842624,39.23643327,39.51560688,39.79254976,1,1,16,1000,10,42,,,"atc --model=/home/AscendWork/auto_tune2.0/resnet18_full.onnx --input_shape=""input:16,3,224,224"" --framework=5 --soc_version=Ascend310B1 --output=results/om_models/model_exp26 --precision_mode=force_fp32 --op_select_implmode=high_performance_for_all --buffer_optimize=l2_optimize --tiling_schedule_optimize=1 --enable_single_stream=false --input_format=NCHW",C:\Users\25726\Desktop\论文\应用科学\实验数据\81组实验数据2\evaluation_report.json,"[{""sample_id"":0,""cosine_similarity"":1.0},{""sample_id"":1,""cosine_similarity"":1.0},{""sample_id"":2,""cosine_similarity"":1.0},{""sample_id"":3,""cosine_similarity"":1.0},{""sample_id"":4,""cosine_similarity"":1.0},{""sample_id"":5,""cosine_similarity"":1.0},{""sample_id"":6,""cosine_similarity"":1.0},{""sample_id"":7,""cosine_similarity"":1.0},{""sample_id"":8,""cosine_similarity"":1.0},{""sample_id"":9,""cosine_similarity"":1.0}]"
81组实验数据2,27,A1-B3-C3-D3,1,3,3,3,force_fp32,16,high_performance_for_all,l2_single_stream,l2_optimize,0,是,"input:16,3,224,224",是,记录满足检查,415.6881989,38.49038785,39.03986387,39.23941178,1,1,16,1000,10,42,,,"atc --model=/home/AscendWork/auto_tune2.0/resnet18_full.onnx --input_shape=""input:16,3,224,224"" --framework=5 --soc_version=Ascend310B1 --output=results/om_models/model_exp27 --precision_mode=force_fp32 --op_select_implmode=high_performance_for_all --buffer_optimize=l2_optimize --tiling_schedule_optimize=0 --enable_single_stream=true --input_format=NCHW",C:\Users\25726\Desktop\论文\应用科学\实验数据\81组实验数据2\evaluation_report.json,"[{""sample_id"":0,""cosine_similarity"":1.0},{""sample_id"":1,""cosine_similarity"":1.0},{""sample_id"":2,""cosine_similarity"":1.0},{""sample_id"":3,""cosine_similarity"":1.0},{""sample_id"":4,""cosine_similarity"":1.0},{""sample_id"":5,""cosine_similarity"":1.0},{""sample_id"":6,""cosine_similarity"":1.0},{""sample_id"":7,""cosine_similarity"":1.0},{""sample_id"":8,""cosine_similarity"":1.0},{""sample_id"":9,""cosine_similarity"":1.0}]"
81组实验数据2,28,A2-B1-C1-D1,2,1,1,1,allow_fp32_to_fp16,1,high_precision,standard_l2,l2_optimize,0,否,"input:1,3,224,224",是,记录满足检查,555.2693318,1.800927843,1.833218864,3.397770711,0.999999,0.999999,1,1000,10,42,,,"atc --model=/home/AscendWork/auto_tune2.0/resnet18_full.onnx --input_shape=""input:1,3,224,224"" --framework=5 --soc_version=Ascend310B1 --output=results/om_models/model_exp28 --precision_mode=allow_fp32_to_fp16 --op_select_implmode=high_precision --buffer_optimize=l2_optimize --tiling_schedule_optimize=0 --enable_single_stream=false --input_format=NCHW",C:\Users\25726\Desktop\论文\应用科学\实验数据\81组实验数据2\evaluation_report.json,"[{""sample_id"":0,""cosine_similarity"":0.999999},{""sample_id"":1,""cosine_similarity"":0.999999},{""sample_id"":2,""cosine_similarity"":1.0},{""sample_id"":3,""cosine_similarity"":0.999999},{""sample_id"":4,""cosine_similarity"":1.0},{""sample_id"":5,""cosine_similarity"":0.999999},{""sample_id"":6,""cosine_similarity"":0.999999},{""sample_id"":7,""cosine_similarity"":0.999999},{""sample_id"":8,""cosine_similarity"":1.0},{""sample_id"":9,""cosine_similarity"":0.999999}]"
81组实验数据2,29,A2-B1-C1-D2,2,1,1,2,allow_fp32_to_fp16,1,high_precision,l2_with_tiling,l2_optimize,1,否,"input:1,3,224,224",是,记录满足检查,578.5970963,1.728318387,1.766397787,1.834625663,0.999999,0.999999,1,1000,10,42,,,"atc --model=/home/AscendWork/auto_tune2.0/resnet18_full.onnx --input_shape=""input:1,3,224,224"" --framework=5 --soc_version=Ascend310B1 --output=results/om_models/model_exp29 --precision_mode=allow_fp32_to_fp16 --op_select_implmode=high_precision --buffer_optimize=l2_optimize --tiling_schedule_optimize=1 --enable_single_stream=false --input_format=NCHW",C:\Users\25726\Desktop\论文\应用科学\实验数据\81组实验数据2\evaluation_report.json,"[{""sample_id"":0,""cosine_similarity"":0.999999},{""sample_id"":1,""cosine_similarity"":0.999999},{""sample_id"":2,""cosine_similarity"":1.0},{""sample_id"":3,""cosine_similarity"":0.999999},{""sample_id"":4,""cosine_similarity"":1.0},{""sample_id"":5,""cosine_similarity"":0.999999},{""sample_id"":6,""cosine_similarity"":0.999999},{""sample_id"":7,""cosine_similarity"":0.999999},{""sample_id"":8,""cosine_similarity"":1.0},{""sample_id"":9,""cosine_similarity"":0.999999}]"
81组实验数据2,30,A2-B1-C1-D3,2,1,1,3,allow_fp32_to_fp16,1,high_precision,l2_single_stream,l2_optimize,0,是,"input:1,3,224,224",是,记录满足检查,578.0562712,1.729935388,1.743115327,1.845542099,0.999999,0.999999,1,1000,10,42,,,"atc --model=/home/AscendWork/auto_tune2.0/resnet18_full.onnx --input_shape=""input:1,3,224,224"" --framework=5 --soc_version=Ascend310B1 --output=results/om_models/model_exp30 --precision_mode=allow_fp32_to_fp16 --op_select_implmode=high_precision --buffer_optimize=l2_optimize --tiling_schedule_optimize=0 --enable_single_stream=true --input_format=NCHW",C:\Users\25726\Desktop\论文\应用科学\实验数据\81组实验数据2\evaluation_report.json,"[{""sample_id"":0,""cosine_similarity"":0.999999},{""sample_id"":1,""cosine_similarity"":0.999999},{""sample_id"":2,""cosine_similarity"":1.0},{""sample_id"":3,""cosine_similarity"":0.999999},{""sample_id"":4,""cosine_similarity"":1.0},{""sample_id"":5,""cosine_similarity"":0.999999},{""sample_id"":6,""cosine_similarity"":0.999999},{""sample_id"":7,""cosine_similarity"":0.999999},{""sample_id"":8,""cosine_similarity"":1.0},{""sample_id"":9,""cosine_similarity"":0.999999}]"
81组实验数据2,31,A2-B1-C2-D1,2,1,2,1,allow_fp32_to_fp16,1,high_performance,standard_l2,l2_optimize,0,否,"input:1,3,224,224",是,记录满足检查,577.3364754,1.73209219,1.742640588,1.829088934,0.999999,0.999999,1,1000,10,42,,,"atc --model=/home/AscendWork/auto_tune2.0/resnet18_full.onnx --input_shape=""input:1,3,224,224"" --framework=5 --soc_version=Ascend310B1 --output=results/om_models/model_exp31 --precision_mode=allow_fp32_to_fp16 --op_select_implmode=high_performance --buffer_optimize=l2_optimize --tiling_schedule_optimize=0 --enable_single_stream=false --input_format=NCHW",C:\Users\25726\Desktop\论文\应用科学\实验数据\81组实验数据2\evaluation_report.json,"[{""sample_id"":0,""cosine_similarity"":0.999999},{""sample_id"":1,""cosine_similarity"":0.999999},{""sample_id"":2,""cosine_similarity"":1.0},{""sample_id"":3,""cosine_similarity"":0.999999},{""sample_id"":4,""cosine_similarity"":1.0},{""sample_id"":5,""cosine_similarity"":0.999999},{""sample_id"":6,""cosine_similarity"":0.999999},{""sample_id"":7,""cosine_similarity"":0.999999},{""sample_id"":8,""cosine_similarity"":1.0},{""sample_id"":9,""cosine_similarity"":0.999999}]"
81组实验数据2,32,A2-B1-C2-D2,2,1,2,2,allow_fp32_to_fp16,1,high_performance,l2_with_tiling,l2_optimize,1,否,"input:1,3,224,224",是,记录满足检查,575.5989086,1.737320876,1.741220658,1.847103917,0.999999,0.999999,1,1000,10,42,,,"atc --model=/home/AscendWork/auto_tune2.0/resnet18_full.onnx --input_shape=""input:1,3,224,224"" --framework=5 --soc_version=Ascend310B1 --output=results/om_models/model_exp32 --precision_mode=allow_fp32_to_fp16 --op_select_implmode=high_performance --buffer_optimize=l2_optimize --tiling_schedule_optimize=1 --enable_single_stream=false --input_format=NCHW",C:\Users\25726\Desktop\论文\应用科学\实验数据\81组实验数据2\evaluation_report.json,"[{""sample_id"":0,""cosine_similarity"":0.999999},{""sample_id"":1,""cosine_similarity"":0.999999},{""sample_id"":2,""cosine_similarity"":1.0},{""sample_id"":3,""cosine_similarity"":0.999999},{""sample_id"":4,""cosine_similarity"":1.0},{""sample_id"":5,""cosine_similarity"":0.999999},{""sample_id"":6,""cosine_similarity"":0.999999},{""sample_id"":7,""cosine_similarity"":0.999999},{""sample_id"":8,""cosine_similarity"":1.0},{""sample_id"":9,""cosine_similarity"":0.999999}]"
81组实验数据2,33,A2-B1-C2-D3,2,1,2,3,allow_fp32_to_fp16,1,high_performance,l2_single_stream,l2_optimize,0,是,"input:1,3,224,224",是,记录满足检查,577.2697346,1.732292445,1.759776757,1.826744294,0.999999,0.999999,1,1000,10,42,,,"atc --model=/home/AscendWork/auto_tune2.0/resnet18_full.onnx --input_shape=""input:1,3,224,224"" --framework=5 --soc_version=Ascend310B1 --output=results/om_models/model_exp33 --precision_mode=allow_fp32_to_fp16 --op_select_implmode=high_performance --buffer_optimize=l2_optimize --tiling_schedule_optimize=0 --enable_single_stream=true --input_format=NCHW",C:\Users\25726\Desktop\论文\应用科学\实验数据\81组实验数据2\evaluation_report.json,"[{""sample_id"":0,""cosine_similarity"":0.999999},{""sample_id"":1,""cosine_similarity"":0.999999},{""sample_id"":2,""cosine_similarity"":1.0},{""sample_id"":3,""cosine_similarity"":0.999999},{""sample_id"":4,""cosine_similarity"":1.0},{""sample_id"":5,""cosine_similarity"":0.999999},{""sample_id"":6,""cosine_similarity"":0.999999},{""sample_id"":7,""cosine_similarity"":0.999999},{""sample_id"":8,""cosine_similarity"":1.0},{""sample_id"":9,""cosine_similarity"":0.999999}]"
81组实验数据2,34,A2-B1-C3-D1,2,1,3,1,allow_fp32_to_fp16,1,high_performance_for_all,standard_l2,l2_optimize,0,否,"input:1,3,224,224",是,记录满足检查,575.0870413,1.738867212,1.758935375,1.831529885,0.999999,0.999999,1,1000,10,42,,,"atc --model=/home/AscendWork/auto_tune2.0/resnet18_full.onnx --input_shape=""input:1,3,224,224"" --framework=5 --soc_version=Ascend310B1 --output=results/om_models/model_exp34 --precision_mode=allow_fp32_to_fp16 --op_select_implmode=high_performance_for_all --buffer_optimize=l2_optimize --tiling_schedule_optimize=0 --enable_single_stream=false --input_format=NCHW",C:\Users\25726\Desktop\论文\应用科学\实验数据\81组实验数据2\evaluation_report.json,"[{""sample_id"":0,""cosine_similarity"":0.999999},{""sample_id"":1,""cosine_similarity"":0.999999},{""sample_id"":2,""cosine_similarity"":1.0},{""sample_id"":3,""cosine_similarity"":0.999999},{""sample_id"":4,""cosine_similarity"":1.0},{""sample_id"":5,""cosine_similarity"":0.999999},{""sample_id"":6,""cosine_similarity"":0.999999},{""sample_id"":7,""cosine_similarity"":0.999999},{""sample_id"":8,""cosine_similarity"":1.0},{""sample_id"":9,""cosine_similarity"":0.999999}]"
81组实验数据2,35,A2-B1-C3-D2,2,1,3,2,allow_fp32_to_fp16,1,high_performance_for_all,l2_with_tiling,l2_optimize,1,否,"input:1,3,224,224",是,记录满足检查,553.5337263,1.806574654,1.804403787,2.936331636,0.999999,0.999999,1,1000,10,42,,,"atc --model=/home/AscendWork/auto_tune2.0/resnet18_full.onnx --input_shape=""input:1,3,224,224"" --framework=5 --soc_version=Ascend310B1 --output=results/om_models/model_exp35 --precision_mode=allow_fp32_to_fp16 --op_select_implmode=high_performance_for_all --buffer_optimize=l2_optimize --tiling_schedule_optimize=1 --enable_single_stream=false --input_format=NCHW",C:\Users\25726\Desktop\论文\应用科学\实验数据\81组实验数据2\evaluation_report.json,"[{""sample_id"":0,""cosine_similarity"":0.999999},{""sample_id"":1,""cosine_similarity"":0.999999},{""sample_id"":2,""cosine_similarity"":1.0},{""sample_id"":3,""cosine_similarity"":0.999999},{""sample_id"":4,""cosine_similarity"":1.0},{""sample_id"":5,""cosine_similarity"":0.999999},{""sample_id"":6,""cosine_similarity"":0.999999},{""sample_id"":7,""cosine_similarity"":0.999999},{""sample_id"":8,""cosine_similarity"":1.0},{""sample_id"":9,""cosine_similarity"":0.999999}]"
81组实验数据2,36,A2-B1-C3-D3,2,1,3,3,allow_fp32_to_fp16,1,high_performance_for_all,l2_single_stream,l2_optimize,0,是,"input:1,3,224,224",是,记录满足检查,576.9646445,1.733208455,1.743922724,1.827580047,0.999999,0.999999,1,1000,10,42,,,"atc --model=/home/AscendWork/auto_tune2.0/resnet18_full.onnx --input_shape=""input:1,3,224,224"" --framework=5 --soc_version=Ascend310B1 --output=results/om_models/model_exp36 --precision_mode=allow_fp32_to_fp16 --op_select_implmode=high_performance_for_all --buffer_optimize=l2_optimize --tiling_schedule_optimize=0 --enable_single_stream=true --input_format=NCHW",C:\Users\25726\Desktop\论文\应用科学\实验数据\81组实验数据2\evaluation_report.json,"[{""sample_id"":0,""cosine_similarity"":0.999999},{""sample_id"":1,""cosine_similarity"":0.999999},{""sample_id"":2,""cosine_similarity"":1.0},{""sample_id"":3,""cosine_similarity"":0.999999},{""sample_id"":4,""cosine_similarity"":1.0},{""sample_id"":5,""cosine_similarity"":0.999999},{""sample_id"":6,""cosine_similarity"":0.999999},{""sample_id"":7,""cosine_similarity"":0.999999},{""sample_id"":8,""cosine_similarity"":1.0},{""sample_id"":9,""cosine_similarity"":0.999999}]"
81组实验数据2,37,A2-B2-C1-D1,2,2,1,1,allow_fp32_to_fp16,4,high_precision,standard_l2,l2_optimize,0,否,"input:4,3,224,224",是,记录满足检查,593.6810281,6.737624769,6.724180189,10.26904407,0.999999,0.999999,4,1000,10,42,,,"atc --model=/home/AscendWork/auto_tune2.0/resnet18_full.onnx --input_shape=""input:4,3,224,224"" --framework=5 --soc_version=Ascend310B1 --output=results/om_models/model_exp37 --precision_mode=allow_fp32_to_fp16 --op_select_implmode=high_precision --buffer_optimize=l2_optimize --tiling_schedule_optimize=0 --enable_single_stream=false --input_format=NCHW",C:\Users\25726\Desktop\论文\应用科学\实验数据\81组实验数据2\evaluation_report.json,"[{""sample_id"":0,""cosine_similarity"":0.999999},{""sample_id"":1,""cosine_similarity"":0.999999},{""sample_id"":2,""cosine_similarity"":1.0},{""sample_id"":3,""cosine_similarity"":0.999999},{""sample_id"":4,""cosine_similarity"":0.999999},{""sample_id"":5,""cosine_similarity"":0.999999},{""sample_id"":6,""cosine_similarity"":0.999999},{""sample_id"":7,""cosine_similarity"":0.999999},{""sample_id"":8,""cosine_similarity"":0.999999},{""sample_id"":9,""cosine_similarity"":0.999999}]"
81组实验数据2,38,A2-B2-C1-D2,2,2,1,2,allow_fp32_to_fp16,4,high_precision,l2_with_tiling,l2_optimize,1,否,"input:4,3,224,224",是,记录满足检查,608.6429869,6.571997191,6.754143907,8.433868074,0.999999,0.999999,4,1000,10,42,,,"atc --model=/home/AscendWork/auto_tune2.0/resnet18_full.onnx --input_shape=""input:4,3,224,224"" --framework=5 --soc_version=Ascend310B1 --output=results/om_models/model_exp38 --precision_mode=allow_fp32_to_fp16 --op_select_implmode=high_precision --buffer_optimize=l2_optimize --tiling_schedule_optimize=1 --enable_single_stream=false --input_format=NCHW",C:\Users\25726\Desktop\论文\应用科学\实验数据\81组实验数据2\evaluation_report.json,"[{""sample_id"":0,""cosine_similarity"":0.999999},{""sample_id"":1,""cosine_similarity"":0.999999},{""sample_id"":2,""cosine_similarity"":1.0},{""sample_id"":3,""cosine_similarity"":0.999999},{""sample_id"":4,""cosine_similarity"":0.999999},{""sample_id"":5,""cosine_similarity"":0.999999},{""sample_id"":6,""cosine_similarity"":0.999999},{""sample_id"":7,""cosine_similarity"":0.999999},{""sample_id"":8,""cosine_similarity"":0.999999},{""sample_id"":9,""cosine_similarity"":0.999999}]"
81组实验数据2,39,A2-B2-C1-D3,2,2,1,3,allow_fp32_to_fp16,4,high_precision,l2_single_stream,l2_optimize,0,是,"input:4,3,224,224",是,记录满足检查,584.4065131,6.844550686,6.857668149,10.29705731,0.999999,0.999999,4,1000,10,42,,,"atc --model=/home/AscendWork/auto_tune2.0/resnet18_full.onnx --input_shape=""input:4,3,224,224"" --framework=5 --soc_version=Ascend310B1 --output=results/om_models/model_exp39 --precision_mode=allow_fp32_to_fp16 --op_select_implmode=high_precision --buffer_optimize=l2_optimize --tiling_schedule_optimize=0 --enable_single_stream=true --input_format=NCHW",C:\Users\25726\Desktop\论文\应用科学\实验数据\81组实验数据2\evaluation_report.json,"[{""sample_id"":0,""cosine_similarity"":0.999999},{""sample_id"":1,""cosine_similarity"":0.999999},{""sample_id"":2,""cosine_similarity"":1.0},{""sample_id"":3,""cosine_similarity"":0.999999},{""sample_id"":4,""cosine_similarity"":0.999999},{""sample_id"":5,""cosine_similarity"":0.999999},{""sample_id"":6,""cosine_similarity"":0.999999},{""sample_id"":7,""cosine_similarity"":0.999999},{""sample_id"":8,""cosine_similarity"":0.999999},{""sample_id"":9,""cosine_similarity"":0.999999}]"
81组实验数据2,40,A2-B2-C2-D1,2,2,2,1,allow_fp32_to_fp16,4,high_performance,standard_l2,l2_optimize,0,否,"input:4,3,224,224",是,记录满足检查,598.1120338,6.687710285,6.851427857,10.0549449,0.999999,0.999999,4,1000,10,42,,,"atc --model=/home/AscendWork/auto_tune2.0/resnet18_full.onnx --input_shape=""input:4,3,224,224"" --framework=5 --soc_version=Ascend310B1 --output=results/om_models/model_exp40 --precision_mode=allow_fp32_to_fp16 --op_select_implmode=high_performance --buffer_optimize=l2_optimize --tiling_schedule_optimize=0 --enable_single_stream=false --input_format=NCHW",C:\Users\25726\Desktop\论文\应用科学\实验数据\81组实验数据2\evaluation_report.json,"[{""sample_id"":0,""cosine_similarity"":0.999999},{""sample_id"":1,""cosine_similarity"":0.999999},{""sample_id"":2,""cosine_similarity"":1.0},{""sample_id"":3,""cosine_similarity"":0.999999},{""sample_id"":4,""cosine_similarity"":0.999999},{""sample_id"":5,""cosine_similarity"":0.999999},{""sample_id"":6,""cosine_similarity"":0.999999},{""sample_id"":7,""cosine_similarity"":0.999999},{""sample_id"":8,""cosine_similarity"":0.999999},{""sample_id"":9,""cosine_similarity"":0.999999}]"
81组实验数据2,41,A2-B2-C2-D2,2,2,2,2,allow_fp32_to_fp16,4,high_performance,l2_with_tiling,l2_optimize,1,否,"input:4,3,224,224",是,记录满足检查,589.8631232,6.781234227,6.73339957,11.69611703,0.999999,0.999999,4,1000,10,42,,,"atc --model=/home/AscendWork/auto_tune2.0/resnet18_full.onnx --input_shape=""input:4,3,224,224"" --framework=5 --soc_version=Ascend310B1 --output=results/om_models/model_exp41 --precision_mode=allow_fp32_to_fp16 --op_select_implmode=high_performance --buffer_optimize=l2_optimize --tiling_schedule_optimize=1 --enable_single_stream=false --input_format=NCHW",C:\Users\25726\Desktop\论文\应用科学\实验数据\81组实验数据2\evaluation_report.json,"[{""sample_id"":0,""cosine_similarity"":0.999999},{""sample_id"":1,""cosine_similarity"":0.999999},{""sample_id"":2,""cosine_similarity"":1.0},{""sample_id"":3,""cosine_similarity"":0.999999},{""sample_id"":4,""cosine_similarity"":0.999999},{""sample_id"":5,""cosine_similarity"":0.999999},{""sample_id"":6,""cosine_similarity"":0.999999},{""sample_id"":7,""cosine_similarity"":0.999999},{""sample_id"":8,""cosine_similarity"":0.999999},{""sample_id"":9,""cosine_similarity"":0.999999}]"
81组实验数据2,42,A2-B2-C2-D3,2,2,2,3,allow_fp32_to_fp16,4,high_performance,l2_single_stream,l2_optimize,0,是,"input:4,3,224,224",是,记录满足检查,610.6892377,6.549976245,6.610406558,6.743191902,0.999999,0.999999,4,1000,10,42,,,"atc --model=/home/AscendWork/auto_tune2.0/resnet18_full.onnx --input_shape=""input:4,3,224,224"" --framework=5 --soc_version=Ascend310B1 --output=results/om_models/model_exp42 --precision_mode=allow_fp32_to_fp16 --op_select_implmode=high_performance --buffer_optimize=l2_optimize --tiling_schedule_optimize=0 --enable_single_stream=true --input_format=NCHW",C:\Users\25726\Desktop\论文\应用科学\实验数据\81组实验数据2\evaluation_report.json,"[{""sample_id"":0,""cosine_similarity"":0.999999},{""sample_id"":1,""cosine_similarity"":0.999999},{""sample_id"":2,""cosine_similarity"":1.0},{""sample_id"":3,""cosine_similarity"":0.999999},{""sample_id"":4,""cosine_similarity"":0.999999},{""sample_id"":5,""cosine_similarity"":0.999999},{""sample_id"":6,""cosine_similarity"":0.999999},{""sample_id"":7,""cosine_similarity"":0.999999},{""sample_id"":8,""cosine_similarity"":0.999999},{""sample_id"":9,""cosine_similarity"":0.999999}]"
81组实验数据2,43,A2-B2-C3-D1,2,2,3,1,allow_fp32_to_fp16,4,high_performance_for_all,standard_l2,l2_optimize,0,否,"input:4,3,224,224",是,记录满足检查,610.9099505,6.547609835,6.581103183,6.81595835,0.999999,0.999999,4,1000,10,42,,,"atc --model=/home/AscendWork/auto_tune2.0/resnet18_full.onnx --input_shape=""input:4,3,224,224"" --framework=5 --soc_version=Ascend310B1 --output=results/om_models/model_exp43 --precision_mode=allow_fp32_to_fp16 --op_select_implmode=high_performance_for_all --buffer_optimize=l2_optimize --tiling_schedule_optimize=0 --enable_single_stream=false --input_format=NCHW",C:\Users\25726\Desktop\论文\应用科学\实验数据\81组实验数据2\evaluation_report.json,"[{""sample_id"":0,""cosine_similarity"":0.999999},{""sample_id"":1,""cosine_similarity"":0.999999},{""sample_id"":2,""cosine_similarity"":1.0},{""sample_id"":3,""cosine_similarity"":0.999999},{""sample_id"":4,""cosine_similarity"":0.999999},{""sample_id"":5,""cosine_similarity"":0.999999},{""sample_id"":6,""cosine_similarity"":0.999999},{""sample_id"":7,""cosine_similarity"":0.999999},{""sample_id"":8,""cosine_similarity"":0.999999},{""sample_id"":9,""cosine_similarity"":0.999999}]"
81组实验数据2,44,A2-B2-C3-D2,2,2,3,2,allow_fp32_to_fp16,4,high_performance_for_all,l2_with_tiling,l2_optimize,1,否,"input:4,3,224,224",是,记录满足检查,602.6086803,6.637806807,6.663804112,6.875579631,0.999999,0.999999,4,1000,10,42,,,"atc --model=/home/AscendWork/auto_tune2.0/resnet18_full.onnx --input_shape=""input:4,3,224,224"" --framework=5 --soc_version=Ascend310B1 --output=results/om_models/model_exp44 --precision_mode=allow_fp32_to_fp16 --op_select_implmode=high_performance_for_all --buffer_optimize=l2_optimize --tiling_schedule_optimize=1 --enable_single_stream=false --input_format=NCHW",C:\Users\25726\Desktop\论文\应用科学\实验数据\81组实验数据2\evaluation_report.json,"[{""sample_id"":0,""cosine_similarity"":0.999999},{""sample_id"":1,""cosine_similarity"":0.999999},{""sample_id"":2,""cosine_similarity"":1.0},{""sample_id"":3,""cosine_similarity"":0.999999},{""sample_id"":4,""cosine_similarity"":0.999999},{""sample_id"":5,""cosine_similarity"":0.999999},{""sample_id"":6,""cosine_similarity"":0.999999},{""sample_id"":7,""cosine_similarity"":0.999999},{""sample_id"":8,""cosine_similarity"":0.999999},{""sample_id"":9,""cosine_similarity"":0.999999}]"
81组实验数据2,45,A2-B2-C3-D3,2,2,3,3,allow_fp32_to_fp16,4,high_performance_for_all,l2_single_stream,l2_optimize,0,是,"input:4,3,224,224",是,记录满足检查,600.1569167,6.664923604,6.702979141,8.224553427,0.999999,0.999999,4,1000,10,42,,,"atc --model=/home/AscendWork/auto_tune2.0/resnet18_full.onnx --input_shape=""input:4,3,224,224"" --framework=5 --soc_version=Ascend310B1 --output=results/om_models/model_exp45 --precision_mode=allow_fp32_to_fp16 --op_select_implmode=high_performance_for_all --buffer_optimize=l2_optimize --tiling_schedule_optimize=0 --enable_single_stream=true --input_format=NCHW",C:\Users\25726\Desktop\论文\应用科学\实验数据\81组实验数据2\evaluation_report.json,"[{""sample_id"":0,""cosine_similarity"":0.999999},{""sample_id"":1,""cosine_similarity"":0.999999},{""sample_id"":2,""cosine_similarity"":1.0},{""sample_id"":3,""cosine_similarity"":0.999999},{""sample_id"":4,""cosine_similarity"":0.999999},{""sample_id"":5,""cosine_similarity"":0.999999},{""sample_id"":6,""cosine_similarity"":0.999999},{""sample_id"":7,""cosine_similarity"":0.999999},{""sample_id"":8,""cosine_similarity"":0.999999},{""sample_id"":9,""cosine_similarity"":0.999999}]"
81组实验数据2,46,A2-B3-C1-D1,2,3,1,1,allow_fp32_to_fp16,16,high_precision,standard_l2,l2_optimize,0,否,"input:16,3,224,224",是,记录满足检查,576.1723412,27.76946906,28.04010283,28.22589746,0.999999,0.999999,16,1000,10,42,,,"atc --model=/home/AscendWork/auto_tune2.0/resnet18_full.onnx --input_shape=""input:16,3,224,224"" --framework=5 --soc_version=Ascend310B1 --output=results/om_models/model_exp46 --precision_mode=allow_fp32_to_fp16 --op_select_implmode=high_precision --buffer_optimize=l2_optimize --tiling_schedule_optimize=0 --enable_single_stream=false --input_format=NCHW",C:\Users\25726\Desktop\论文\应用科学\实验数据\81组实验数据2\evaluation_report.json,"[{""sample_id"":0,""cosine_similarity"":0.999999},{""sample_id"":1,""cosine_similarity"":0.999999},{""sample_id"":2,""cosine_similarity"":0.999999},{""sample_id"":3,""cosine_similarity"":0.999999},{""sample_id"":4,""cosine_similarity"":0.999999},{""sample_id"":5,""cosine_similarity"":0.999999},{""sample_id"":6,""cosine_similarity"":0.999999},{""sample_id"":7,""cosine_similarity"":0.999999},{""sample_id"":8,""cosine_similarity"":0.999999},{""sample_id"":9,""cosine_similarity"":0.999999}]"
81组实验数据2,47,A2-B3-C1-D2,2,3,1,2,allow_fp32_to_fp16,16,high_precision,l2_with_tiling,l2_optimize,1,否,"input:16,3,224,224",是,记录满足检查,578.062179,27.67868333,27.95269051,27.95653092,0.999999,0.999999,16,1000,10,42,,,"atc --model=/home/AscendWork/auto_tune2.0/resnet18_full.onnx --input_shape=""input:16,3,224,224"" --framework=5 --soc_version=Ascend310B1 --output=results/om_models/model_exp47 --precision_mode=allow_fp32_to_fp16 --op_select_implmode=high_precision --buffer_optimize=l2_optimize --tiling_schedule_optimize=1 --enable_single_stream=false --input_format=NCHW",C:\Users\25726\Desktop\论文\应用科学\实验数据\81组实验数据2\evaluation_report.json,"[{""sample_id"":0,""cosine_similarity"":0.999999},{""sample_id"":1,""cosine_similarity"":0.999999},{""sample_id"":2,""cosine_similarity"":0.999999},{""sample_id"":3,""cosine_similarity"":0.999999},{""sample_id"":4,""cosine_similarity"":0.999999},{""sample_id"":5,""cosine_similarity"":0.999999},{""sample_id"":6,""cosine_similarity"":0.999999},{""sample_id"":7,""cosine_similarity"":0.999999},{""sample_id"":8,""cosine_similarity"":0.999999},{""sample_id"":9,""cosine_similarity"":0.999999}]"
81组实验数据2,48,A2-B3-C1-D3,2,3,1,3,allow_fp32_to_fp16,16,high_precision,l2_single_stream,l2_optimize,0,是,"input:16,3,224,224",是,记录满足检查,571.2824708,28.00716076,28.45743166,28.6162052,0.999999,0.999999,16,1000,10,42,,,"atc --model=/home/AscendWork/auto_tune2.0/resnet18_full.onnx --input_shape=""input:16,3,224,224"" --framework=5 --soc_version=Ascend310B1 --output=results/om_models/model_exp48 --precision_mode=allow_fp32_to_fp16 --op_select_implmode=high_precision --buffer_optimize=l2_optimize --tiling_schedule_optimize=0 --enable_single_stream=true --input_format=NCHW",C:\Users\25726\Desktop\论文\应用科学\实验数据\81组实验数据2\evaluation_report.json,"[{""sample_id"":0,""cosine_similarity"":0.999999},{""sample_id"":1,""cosine_similarity"":0.999999},{""sample_id"":2,""cosine_similarity"":0.999999},{""sample_id"":3,""cosine_similarity"":0.999999},{""sample_id"":4,""cosine_similarity"":0.999999},{""sample_id"":5,""cosine_similarity"":0.999999},{""sample_id"":6,""cosine_similarity"":0.999999},{""sample_id"":7,""cosine_similarity"":0.999999},{""sample_id"":8,""cosine_similarity"":0.999999},{""sample_id"":9,""cosine_similarity"":0.999999}]"
81组实验数据2,49,A2-B3-C2-D1,2,3,2,1,allow_fp32_to_fp16,16,high_performance,standard_l2,l2_optimize,0,否,"input:16,3,224,224",是,记录满足检查,569.908895,28.07466271,28.31502614,28.41409207,0.999999,0.999999,16,1000,10,42,,,"atc --model=/home/AscendWork/auto_tune2.0/resnet18_full.onnx --input_shape=""input:16,3,224,224"" --framework=5 --soc_version=Ascend310B1 --output=results/om_models/model_exp49 --precision_mode=allow_fp32_to_fp16 --op_select_implmode=high_performance --buffer_optimize=l2_optimize --tiling_schedule_optimize=0 --enable_single_stream=false --input_format=NCHW",C:\Users\25726\Desktop\论文\应用科学\实验数据\81组实验数据2\evaluation_report.json,"[{""sample_id"":0,""cosine_similarity"":0.999999},{""sample_id"":1,""cosine_similarity"":0.999999},{""sample_id"":2,""cosine_similarity"":0.999999},{""sample_id"":3,""cosine_similarity"":0.999999},{""sample_id"":4,""cosine_similarity"":0.999999},{""sample_id"":5,""cosine_similarity"":0.999999},{""sample_id"":6,""cosine_similarity"":0.999999},{""sample_id"":7,""cosine_similarity"":0.999999},{""sample_id"":8,""cosine_similarity"":0.999999},{""sample_id"":9,""cosine_similarity"":0.999999}]"
81组实验数据2,50,A2-B3-C2-D2,2,3,2,2,allow_fp32_to_fp16,16,high_performance,l2_with_tiling,l2_optimize,1,否,"input:16,3,224,224",是,记录满足检查,578.539955,27.65582543,28.01438938,28.32140399,0.999999,0.999999,16,1000,10,42,,,"atc --model=/home/AscendWork/auto_tune2.0/resnet18_full.onnx --input_shape=""input:16,3,224,224"" --framework=5 --soc_version=Ascend310B1 --output=results/om_models/model_exp50 --precision_mode=allow_fp32_to_fp16 --op_select_implmode=high_performance --buffer_optimize=l2_optimize --tiling_schedule_optimize=1 --enable_single_stream=false --input_format=NCHW",C:\Users\25726\Desktop\论文\应用科学\实验数据\81组实验数据2\evaluation_report.json,"[{""sample_id"":0,""cosine_similarity"":0.999999},{""sample_id"":1,""cosine_similarity"":0.999999},{""sample_id"":2,""cosine_similarity"":0.999999},{""sample_id"":3,""cosine_similarity"":0.999999},{""sample_id"":4,""cosine_similarity"":0.999999},{""sample_id"":5,""cosine_similarity"":0.999999},{""sample_id"":6,""cosine_similarity"":0.999999},{""sample_id"":7,""cosine_similarity"":0.999999},{""sample_id"":8,""cosine_similarity"":0.999999},{""sample_id"":9,""cosine_similarity"":0.999999}]"
81组实验数据2,51,A2-B3-C2-D3,2,3,2,3,allow_fp32_to_fp16,16,high_performance,l2_single_stream,l2_optimize,0,是,"input:16,3,224,224",是,记录满足检查,578.8015801,27.64332467,27.9381569,27.94372974,0.999999,0.999999,16,1000,10,42,,,"atc --model=/home/AscendWork/auto_tune2.0/resnet18_full.onnx --input_shape=""input:16,3,224,224"" --framework=5 --soc_version=Ascend310B1 --output=results/om_models/model_exp51 --precision_mode=allow_fp32_to_fp16 --op_select_implmode=high_performance --buffer_optimize=l2_optimize --tiling_schedule_optimize=0 --enable_single_stream=true --input_format=NCHW",C:\Users\25726\Desktop\论文\应用科学\实验数据\81组实验数据2\evaluation_report.json,"[{""sample_id"":0,""cosine_similarity"":0.999999},{""sample_id"":1,""cosine_similarity"":0.999999},{""sample_id"":2,""cosine_similarity"":0.999999},{""sample_id"":3,""cosine_similarity"":0.999999},{""sample_id"":4,""cosine_similarity"":0.999999},{""sample_id"":5,""cosine_similarity"":0.999999},{""sample_id"":6,""cosine_similarity"":0.999999},{""sample_id"":7,""cosine_similarity"":0.999999},{""sample_id"":8,""cosine_similarity"":0.999999},{""sample_id"":9,""cosine_similarity"":0.999999}]"
81组实验数据2,52,A2-B3-C3-D1,2,3,3,1,allow_fp32_to_fp16,16,high_performance_for_all,standard_l2,l2_optimize,0,否,"input:16,3,224,224",是,记录满足检查,578.6116091,27.65240059,27.90936957,29.67365362,0.999999,0.999999,16,1000,10,42,,,"atc --model=/home/AscendWork/auto_tune2.0/resnet18_full.onnx --input_shape=""input:16,3,224,224"" --framework=5 --soc_version=Ascend310B1 --output=results/om_models/model_exp52 --precision_mode=allow_fp32_to_fp16 --op_select_implmode=high_performance_for_all --buffer_optimize=l2_optimize --tiling_schedule_optimize=0 --enable_single_stream=false --input_format=NCHW",C:\Users\25726\Desktop\论文\应用科学\实验数据\81组实验数据2\evaluation_report.json,"[{""sample_id"":0,""cosine_similarity"":0.999999},{""sample_id"":1,""cosine_similarity"":0.999999},{""sample_id"":2,""cosine_similarity"":0.999999},{""sample_id"":3,""cosine_similarity"":0.999999},{""sample_id"":4,""cosine_similarity"":0.999999},{""sample_id"":5,""cosine_similarity"":0.999999},{""sample_id"":6,""cosine_similarity"":0.999999},{""sample_id"":7,""cosine_similarity"":0.999999},{""sample_id"":8,""cosine_similarity"":0.999999},{""sample_id"":9,""cosine_similarity"":0.999999}]"
81组实验数据2,53,A2-B3-C3-D2,2,3,3,2,allow_fp32_to_fp16,16,high_performance_for_all,l2_with_tiling,l2_optimize,1,否,"input:16,3,224,224",是,记录满足检查,580.8323121,27.54667684,27.82684481,27.87379505,0.999999,0.999999,16,1000,10,42,,,"atc --model=/home/AscendWork/auto_tune2.0/resnet18_full.onnx --input_shape=""input:16,3,224,224"" --framework=5 --soc_version=Ascend310B1 --output=results/om_models/model_exp53 --precision_mode=allow_fp32_to_fp16 --op_select_implmode=high_performance_for_all --buffer_optimize=l2_optimize --tiling_schedule_optimize=1 --enable_single_stream=false --input_format=NCHW",C:\Users\25726\Desktop\论文\应用科学\实验数据\81组实验数据2\evaluation_report.json,"[{""sample_id"":0,""cosine_similarity"":0.999999},{""sample_id"":1,""cosine_similarity"":0.999999},{""sample_id"":2,""cosine_similarity"":0.999999},{""sample_id"":3,""cosine_similarity"":0.999999},{""sample_id"":4,""cosine_similarity"":0.999999},{""sample_id"":5,""cosine_similarity"":0.999999},{""sample_id"":6,""cosine_similarity"":0.999999},{""sample_id"":7,""cosine_similarity"":0.999999},{""sample_id"":8,""cosine_similarity"":0.999999},{""sample_id"":9,""cosine_similarity"":0.999999}]"
81组实验数据2,54,A2-B3-C3-D3,2,3,3,3,allow_fp32_to_fp16,16,high_performance_for_all,l2_single_stream,l2_optimize,0,是,"input:16,3,224,224",是,记录满足检查,577.9230936,27.6853446,27.79467978,30.16113546,0.999999,0.999999,16,1000,10,42,,,"atc --model=/home/AscendWork/auto_tune2.0/resnet18_full.onnx --input_shape=""input:16,3,224,224"" --framework=5 --soc_version=Ascend310B1 --output=results/om_models/model_exp54 --precision_mode=allow_fp32_to_fp16 --op_select_implmode=high_performance_for_all --buffer_optimize=l2_optimize --tiling_schedule_optimize=0 --enable_single_stream=true --input_format=NCHW",C:\Users\25726\Desktop\论文\应用科学\实验数据\81组实验数据2\evaluation_report.json,"[{""sample_id"":0,""cosine_similarity"":0.999999},{""sample_id"":1,""cosine_similarity"":0.999999},{""sample_id"":2,""cosine_similarity"":0.999999},{""sample_id"":3,""cosine_similarity"":0.999999},{""sample_id"":4,""cosine_similarity"":0.999999},{""sample_id"":5,""cosine_similarity"":0.999999},{""sample_id"":6,""cosine_similarity"":0.999999},{""sample_id"":7,""cosine_similarity"":0.999999},{""sample_id"":8,""cosine_similarity"":0.999999},{""sample_id"":9,""cosine_similarity"":0.999999}]"
81组实验数据2,55,A3-B1-C1-D1,3,1,1,1,force_fp16,1,high_precision,standard_l2,l2_optimize,0,否,"input:1,3,224,224",是,记录满足检查,703.4013577,1.421663449,1.434885936,1.521494147,0.999999,0.999999,1,1000,10,42,,,"atc --model=/home/AscendWork/auto_tune2.0/resnet18_full.onnx --input_shape=""input:1,3,224,224"" --framework=5 --soc_version=Ascend310B1 --output=results/om_models/model_exp55 --precision_mode=force_fp16 --op_select_implmode=high_precision --buffer_optimize=l2_optimize --tiling_schedule_optimize=0 --enable_single_stream=false --input_format=NCHW",C:\Users\25726\Desktop\论文\应用科学\实验数据\81组实验数据2\evaluation_report.json,"[{""sample_id"":0,""cosine_similarity"":0.999999},{""sample_id"":1,""cosine_similarity"":0.999999},{""sample_id"":2,""cosine_similarity"":0.999999},{""sample_id"":3,""cosine_similarity"":0.999999},{""sample_id"":4,""cosine_similarity"":0.999999},{""sample_id"":5,""cosine_similarity"":0.999999},{""sample_id"":6,""cosine_similarity"":0.999999},{""sample_id"":7,""cosine_similarity"":0.999999},{""sample_id"":8,""cosine_similarity"":0.999999},{""sample_id"":9,""cosine_similarity"":0.999999}]"
81组实验数据2,56,A3-B1-C1-D2,3,1,1,2,force_fp16,1,high_precision,l2_with_tiling,l2_optimize,1,否,"input:1,3,224,224",是,记录满足检查,694.637346,1.43960011,1.497722783,1.700163769,0.999999,0.999999,1,1000,10,42,,,"atc --model=/home/AscendWork/auto_tune2.0/resnet18_full.onnx --input_shape=""input:1,3,224,224"" --framework=5 --soc_version=Ascend310B1 --output=results/om_models/model_exp56 --precision_mode=force_fp16 --op_select_implmode=high_precision --buffer_optimize=l2_optimize --tiling_schedule_optimize=1 --enable_single_stream=false --input_format=NCHW",C:\Users\25726\Desktop\论文\应用科学\实验数据\81组实验数据2\evaluation_report.json,"[{""sample_id"":0,""cosine_similarity"":0.999999},{""sample_id"":1,""cosine_similarity"":0.999999},{""sample_id"":2,""cosine_similarity"":0.999999},{""sample_id"":3,""cosine_similarity"":0.999999},{""sample_id"":4,""cosine_similarity"":0.999999},{""sample_id"":5,""cosine_similarity"":0.999999},{""sample_id"":6,""cosine_similarity"":0.999999},{""sample_id"":7,""cosine_similarity"":0.999999},{""sample_id"":8,""cosine_similarity"":0.999999},{""sample_id"":9,""cosine_similarity"":0.999999}]"
81组实验数据2,57,A3-B1-C1-D3,3,1,1,3,force_fp16,1,high_precision,l2_single_stream,l2_optimize,0,是,"input:1,3,224,224",是,记录满足检查,704.5938917,1.419257265,1.44398343,1.513067215,0.999999,0.999999,1,1000,10,42,,,"atc --model=/home/AscendWork/auto_tune2.0/resnet18_full.onnx --input_shape=""input:1,3,224,224"" --framework=5 --soc_version=Ascend310B1 --output=results/om_models/model_exp57 --precision_mode=force_fp16 --op_select_implmode=high_precision --buffer_optimize=l2_optimize --tiling_schedule_optimize=0 --enable_single_stream=true --input_format=NCHW",C:\Users\25726\Desktop\论文\应用科学\实验数据\81组实验数据2\evaluation_report.json,"[{""sample_id"":0,""cosine_similarity"":0.999999},{""sample_id"":1,""cosine_similarity"":0.999999},{""sample_id"":2,""cosine_similarity"":0.999999},{""sample_id"":3,""cosine_similarity"":0.999999},{""sample_id"":4,""cosine_similarity"":0.999999},{""sample_id"":5,""cosine_similarity"":0.999999},{""sample_id"":6,""cosine_similarity"":0.999999},{""sample_id"":7,""cosine_similarity"":0.999999},{""sample_id"":8,""cosine_similarity"":0.999999},{""sample_id"":9,""cosine_similarity"":0.999999}]"
81组实验数据2,58,A3-B1-C2-D1,3,1,2,1,force_fp16,1,high_performance,standard_l2,l2_optimize,0,否,"input:1,3,224,224",是,记录满足检查,706.2130078,1.416003371,1.421865908,1.534723895,0.999999,0.999999,1,1000,10,42,,,"atc --model=/home/AscendWork/auto_tune2.0/resnet18_full.onnx --input_shape=""input:1,3,224,224"" --framework=5 --soc_version=Ascend310B1 --output=results/om_models/model_exp58 --precision_mode=force_fp16 --op_select_implmode=high_performance --buffer_optimize=l2_optimize --tiling_schedule_optimize=0 --enable_single_stream=false --input_format=NCHW",C:\Users\25726\Desktop\论文\应用科学\实验数据\81组实验数据2\evaluation_report.json,"[{""sample_id"":0,""cosine_similarity"":0.999999},{""sample_id"":1,""cosine_similarity"":0.999999},{""sample_id"":2,""cosine_similarity"":0.999999},{""sample_id"":3,""cosine_similarity"":0.999999},{""sample_id"":4,""cosine_similarity"":0.999999},{""sample_id"":5,""cosine_similarity"":0.999999},{""sample_id"":6,""cosine_similarity"":0.999999},{""sample_id"":7,""cosine_similarity"":0.999999},{""sample_id"":8,""cosine_similarity"":0.999999},{""sample_id"":9,""cosine_similarity"":0.999999}]"
81组实验数据2,59,A3-B1-C2-D2,3,1,2,2,force_fp16,1,high_performance,l2_with_tiling,l2_optimize,1,否,"input:1,3,224,224",是,记录满足检查,643.4368595,1.554154048,1.573856932,4.16043654,0.999999,0.999999,1,1000,10,42,,,"atc --model=/home/AscendWork/auto_tune2.0/resnet18_full.onnx --input_shape=""input:1,3,224,224"" --framework=5 --soc_version=Ascend310B1 --output=results/om_models/model_exp59 --precision_mode=force_fp16 --op_select_implmode=high_performance --buffer_optimize=l2_optimize --tiling_schedule_optimize=1 --enable_single_stream=false --input_format=NCHW",C:\Users\25726\Desktop\论文\应用科学\实验数据\81组实验数据2\evaluation_report.json,"[{""sample_id"":0,""cosine_similarity"":0.999999},{""sample_id"":1,""cosine_similarity"":0.999999},{""sample_id"":2,""cosine_similarity"":0.999999},{""sample_id"":3,""cosine_similarity"":0.999999},{""sample_id"":4,""cosine_similarity"":0.999999},{""sample_id"":5,""cosine_similarity"":0.999999},{""sample_id"":6,""cosine_similarity"":0.999999},{""sample_id"":7,""cosine_similarity"":0.999999},{""sample_id"":8,""cosine_similarity"":0.999999},{""sample_id"":9,""cosine_similarity"":0.999999}]"
81组实验数据2,60,A3-B1-C2-D3,3,1,2,3,force_fp16,1,high_performance,l2_single_stream,l2_optimize,0,是,"input:1,3,224,224",是,记录满足检查,707.0700871,1.414286954,1.425323065,1.507005827,0.999999,0.999999,1,1000,10,42,,,"atc --model=/home/AscendWork/auto_tune2.0/resnet18_full.onnx --input_shape=""input:1,3,224,224"" --framework=5 --soc_version=Ascend310B1 --output=results/om_models/model_exp60 --precision_mode=force_fp16 --op_select_implmode=high_performance --buffer_optimize=l2_optimize --tiling_schedule_optimize=0 --enable_single_stream=true --input_format=NCHW",C:\Users\25726\Desktop\论文\应用科学\实验数据\81组实验数据2\evaluation_report.json,"[{""sample_id"":0,""cosine_similarity"":0.999999},{""sample_id"":1,""cosine_similarity"":0.999999},{""sample_id"":2,""cosine_similarity"":0.999999},{""sample_id"":3,""cosine_similarity"":0.999999},{""sample_id"":4,""cosine_similarity"":0.999999},{""sample_id"":5,""cosine_similarity"":0.999999},{""sample_id"":6,""cosine_similarity"":0.999999},{""sample_id"":7,""cosine_similarity"":0.999999},{""sample_id"":8,""cosine_similarity"":0.999999},{""sample_id"":9,""cosine_similarity"":0.999999}]"
81组实验数据2,61,A3-B1-C3-D1,3,1,3,1,force_fp16,1,high_performance_for_all,standard_l2,l2_optimize,0,否,"input:1,3,224,224",是,记录满足检查,704.4957034,1.419455073,1.461651241,1.505033713,0.999999,0.999999,1,1000,10,42,,,"atc --model=/home/AscendWork/auto_tune2.0/resnet18_full.onnx --input_shape=""input:1,3,224,224"" --framework=5 --soc_version=Ascend310B1 --output=results/om_models/model_exp61 --precision_mode=force_fp16 --op_select_implmode=high_performance_for_all --buffer_optimize=l2_optimize --tiling_schedule_optimize=0 --enable_single_stream=false --input_format=NCHW",C:\Users\25726\Desktop\论文\应用科学\实验数据\81组实验数据2\evaluation_report.json,"[{""sample_id"":0,""cosine_similarity"":0.999999},{""sample_id"":1,""cosine_similarity"":0.999999},{""sample_id"":2,""cosine_similarity"":0.999999},{""sample_id"":3,""cosine_similarity"":0.999999},{""sample_id"":4,""cosine_similarity"":0.999999},{""sample_id"":5,""cosine_similarity"":0.999999},{""sample_id"":6,""cosine_similarity"":0.999999},{""sample_id"":7,""cosine_similarity"":0.999999},{""sample_id"":8,""cosine_similarity"":0.999999},{""sample_id"":9,""cosine_similarity"":0.999999}]"
81组实验数据2,62,A3-B1-C3-D2,3,1,3,2,force_fp16,1,high_performance_for_all,l2_with_tiling,l2_optimize,1,否,"input:1,3,224,224",是,记录满足检查,705.9152409,1.416600665,1.436255545,1.498856061,0.999999,0.999999,1,1000,10,42,,,"atc --model=/home/AscendWork/auto_tune2.0/resnet18_full.onnx --input_shape=""input:1,3,224,224"" --framework=5 --soc_version=Ascend310B1 --output=results/om_models/model_exp62 --precision_mode=force_fp16 --op_select_implmode=high_performance_for_all --buffer_optimize=l2_optimize --tiling_schedule_optimize=1 --enable_single_stream=false --input_format=NCHW",C:\Users\25726\Desktop\论文\应用科学\实验数据\81组实验数据2\evaluation_report.json,"[{""sample_id"":0,""cosine_similarity"":0.999999},{""sample_id"":1,""cosine_similarity"":0.999999},{""sample_id"":2,""cosine_similarity"":0.999999},{""sample_id"":3,""cosine_similarity"":0.999999},{""sample_id"":4,""cosine_similarity"":0.999999},{""sample_id"":5,""cosine_similarity"":0.999999},{""sample_id"":6,""cosine_similarity"":0.999999},{""sample_id"":7,""cosine_similarity"":0.999999},{""sample_id"":8,""cosine_similarity"":0.999999},{""sample_id"":9,""cosine_similarity"":0.999999}]"
81组实验数据2,63,A3-B1-C3-D3,3,1,3,3,force_fp16,1,high_performance_for_all,l2_single_stream,l2_optimize,0,是,"input:1,3,224,224",是,记录满足检查,655.2149619,1.526216674,1.525791435,3.966560842,0.999999,0.999999,1,1000,10,42,,,"atc --model=/home/AscendWork/auto_tune2.0/resnet18_full.onnx --input_shape=""input:1,3,224,224"" --framework=5 --soc_version=Ascend310B1 --output=results/om_models/model_exp63 --precision_mode=force_fp16 --op_select_implmode=high_performance_for_all --buffer_optimize=l2_optimize --tiling_schedule_optimize=0 --enable_single_stream=true --input_format=NCHW",C:\Users\25726\Desktop\论文\应用科学\实验数据\81组实验数据2\evaluation_report.json,"[{""sample_id"":0,""cosine_similarity"":0.999999},{""sample_id"":1,""cosine_similarity"":0.999999},{""sample_id"":2,""cosine_similarity"":0.999999},{""sample_id"":3,""cosine_similarity"":0.999999},{""sample_id"":4,""cosine_similarity"":0.999999},{""sample_id"":5,""cosine_similarity"":0.999999},{""sample_id"":6,""cosine_similarity"":0.999999},{""sample_id"":7,""cosine_similarity"":0.999999},{""sample_id"":8,""cosine_similarity"":0.999999},{""sample_id"":9,""cosine_similarity"":0.999999}]"
81组实验数据2,64,A3-B2-C1-D1,3,2,1,1,force_fp16,4,high_precision,standard_l2,l2_optimize,0,否,"input:4,3,224,224",是,记录满足检查,832.6157626,4.80413677,4.944873286,5.96949019,0.999999,0.999999,4,1000,10,42,,,"atc --model=/home/AscendWork/auto_tune2.0/resnet18_full.onnx --input_shape=""input:4,3,224,224"" --framework=5 --soc_version=Ascend310B1 --output=results/om_models/model_exp64 --precision_mode=force_fp16 --op_select_implmode=high_precision --buffer_optimize=l2_optimize --tiling_schedule_optimize=0 --enable_single_stream=false --input_format=NCHW",C:\Users\25726\Desktop\论文\应用科学\实验数据\81组实验数据2\evaluation_report.json,"[{""sample_id"":0,""cosine_similarity"":0.999999},{""sample_id"":1,""cosine_similarity"":0.999999},{""sample_id"":2,""cosine_similarity"":0.999999},{""sample_id"":3,""cosine_similarity"":0.999999},{""sample_id"":4,""cosine_similarity"":0.999999},{""sample_id"":5,""cosine_similarity"":0.999999},{""sample_id"":6,""cosine_similarity"":0.999999},{""sample_id"":7,""cosine_similarity"":0.999999},{""sample_id"":8,""cosine_similarity"":0.999999},{""sample_id"":9,""cosine_similarity"":0.999999}]"
81组实验数据2,65,A3-B2-C1-D2,3,2,1,2,force_fp16,4,high_precision,l2_with_tiling,l2_optimize,1,否,"input:4,3,224,224",是,记录满足检查,791.0426481,5.056617377,5.017227425,8.597432031,0.999999,0.999999,4,1000,10,42,,,"atc --model=/home/AscendWork/auto_tune2.0/resnet18_full.onnx --input_shape=""input:4,3,224,224"" --framework=5 --soc_version=Ascend310B1 --output=results/om_models/model_exp65 --precision_mode=force_fp16 --op_select_implmode=high_precision --buffer_optimize=l2_optimize --tiling_schedule_optimize=1 --enable_single_stream=false --input_format=NCHW",C:\Users\25726\Desktop\论文\应用科学\实验数据\81组实验数据2\evaluation_report.json,"[{""sample_id"":0,""cosine_similarity"":0.999999},{""sample_id"":1,""cosine_similarity"":0.999999},{""sample_id"":2,""cosine_similarity"":0.999999},{""sample_id"":3,""cosine_similarity"":0.999999},{""sample_id"":4,""cosine_similarity"":0.999999},{""sample_id"":5,""cosine_similarity"":0.999999},{""sample_id"":6,""cosine_similarity"":0.999999},{""sample_id"":7,""cosine_similarity"":0.999999},{""sample_id"":8,""cosine_similarity"":0.999999},{""sample_id"":9,""cosine_similarity"":0.999999}]"
81组实验数据2,66,A3-B2-C1-D3,3,2,1,3,force_fp16,4,high_precision,l2_single_stream,l2_optimize,0,是,"input:4,3,224,224",是,记录满足检查,786.2507657,5.087435427,5.110734725,7.849555694,0.999999,0.999999,4,1000,10,42,,,"atc --model=/home/AscendWork/auto_tune2.0/resnet18_full.onnx --input_shape=""input:4,3,224,224"" --framework=5 --soc_version=Ascend310B1 --output=results/om_models/model_exp66 --precision_mode=force_fp16 --op_select_implmode=high_precision --buffer_optimize=l2_optimize --tiling_schedule_optimize=0 --enable_single_stream=true --input_format=NCHW",C:\Users\25726\Desktop\论文\应用科学\实验数据\81组实验数据2\evaluation_report.json,"[{""sample_id"":0,""cosine_similarity"":0.999999},{""sample_id"":1,""cosine_similarity"":0.999999},{""sample_id"":2,""cosine_similarity"":0.999999},{""sample_id"":3,""cosine_similarity"":0.999999},{""sample_id"":4,""cosine_similarity"":0.999999},{""sample_id"":5,""cosine_similarity"":0.999999},{""sample_id"":6,""cosine_similarity"":0.999999},{""sample_id"":7,""cosine_similarity"":0.999999},{""sample_id"":8,""cosine_similarity"":0.999999},{""sample_id"":9,""cosine_similarity"":0.999999}]"
81组实验数据2,67,A3-B2-C2-D1,3,2,2,1,force_fp16,4,high_performance,standard_l2,l2_optimize,0,否,"input:4,3,224,224",是,记录满足检查,830.975932,4.813617153,4.281734091,4.94617073,0.999999,0.999999,4,1000,10,42,,,"atc --model=/home/AscendWork/auto_tune2.0/resnet18_full.onnx --input_shape=""input:4,3,224,224"" --framework=5 --soc_version=Ascend310B1 --output=results/om_models/model_exp67 --precision_mode=force_fp16 --op_select_implmode=high_performance --buffer_optimize=l2_optimize --tiling_schedule_optimize=0 --enable_single_stream=false --input_format=NCHW",C:\Users\25726\Desktop\论文\应用科学\实验数据\81组实验数据2\evaluation_report.json,"[{""sample_id"":0,""cosine_similarity"":0.999999},{""sample_id"":1,""cosine_similarity"":0.999999},{""sample_id"":2,""cosine_similarity"":0.999999},{""sample_id"":3,""cosine_similarity"":0.999999},{""sample_id"":4,""cosine_similarity"":0.999999},{""sample_id"":5,""cosine_similarity"":0.999999},{""sample_id"":6,""cosine_similarity"":0.999999},{""sample_id"":7,""cosine_similarity"":0.999999},{""sample_id"":8,""cosine_similarity"":0.999999},{""sample_id"":9,""cosine_similarity"":0.999999}]"
81组实验数据2,68,A3-B2-C2-D2,3,2,2,2,force_fp16,4,high_performance,l2_with_tiling,l2_optimize,1,否,"input:4,3,224,224",是,记录满足检查,830.1509885,4.818400575,4.845057962,4.898462624,0.999999,0.999999,4,1000,10,42,,,"atc --model=/home/AscendWork/auto_tune2.0/resnet18_full.onnx --input_shape=""input:4,3,224,224"" --framework=5 --soc_version=Ascend310B1 --output=results/om_models/model_exp68 --precision_mode=force_fp16 --op_select_implmode=high_performance --buffer_optimize=l2_optimize --tiling_schedule_optimize=1 --enable_single_stream=false --input_format=NCHW",C:\Users\25726\Desktop\论文\应用科学\实验数据\81组实验数据2\evaluation_report.json,"[{""sample_id"":0,""cosine_similarity"":0.999999},{""sample_id"":1,""cosine_similarity"":0.999999},{""sample_id"":2,""cosine_similarity"":0.999999},{""sample_id"":3,""cosine_similarity"":0.999999},{""sample_id"":4,""cosine_similarity"":0.999999},{""sample_id"":5,""cosine_similarity"":0.999999},{""sample_id"":6,""cosine_similarity"":0.999999},{""sample_id"":7,""cosine_similarity"":0.999999},{""sample_id"":8,""cosine_similarity"":0.999999},{""sample_id"":9,""cosine_similarity"":0.999999}]"
81组实验数据2,69,A3-B2-C2-D3,3,2,2,3,force_fp16,4,high_performance,l2_single_stream,l2_optimize,0,是,"input:4,3,224,224",是,记录满足检查,829.5572558,4.821849212,4.855629673,4.910159222,0.999999,0.999999,4,1000,10,42,,,"atc --model=/home/AscendWork/auto_tune2.0/resnet18_full.onnx --input_shape=""input:4,3,224,224"" --framework=5 --soc_version=Ascend310B1 --output=results/om_models/model_exp69 --precision_mode=force_fp16 --op_select_implmode=high_performance --buffer_optimize=l2_optimize --tiling_schedule_optimize=0 --enable_single_stream=true --input_format=NCHW",C:\Users\25726\Desktop\论文\应用科学\实验数据\81组实验数据2\evaluation_report.json,"[{""sample_id"":0,""cosine_similarity"":0.999999},{""sample_id"":1,""cosine_similarity"":0.999999},{""sample_id"":2,""cosine_similarity"":0.999999},{""sample_id"":3,""cosine_similarity"":0.999999},{""sample_id"":4,""cosine_similarity"":0.999999},{""sample_id"":5,""cosine_similarity"":0.999999},{""sample_id"":6,""cosine_similarity"":0.999999},{""sample_id"":7,""cosine_similarity"":0.999999},{""sample_id"":8,""cosine_similarity"":0.999999},{""sample_id"":9,""cosine_similarity"":0.999999}]"
81组实验数据2,70,A3-B2-C3-D1,3,2,3,1,force_fp16,4,high_performance_for_all,standard_l2,l2_optimize,0,否,"input:4,3,224,224",是,记录满足检查,828.9481926,4.825392028,4.88001776,4.926842531,0.999999,0.999999,4,1000,10,42,,,"atc --model=/home/AscendWork/auto_tune2.0/resnet18_full.onnx --input_shape=""input:4,3,224,224"" --framework=5 --soc_version=Ascend310B1 --output=results/om_models/model_exp70 --precision_mode=force_fp16 --op_select_implmode=high_performance_for_all --buffer_optimize=l2_optimize --tiling_schedule_optimize=0 --enable_single_stream=false --input_format=NCHW",C:\Users\25726\Desktop\论文\应用科学\实验数据\81组实验数据2\evaluation_report.json,"[{""sample_id"":0,""cosine_similarity"":0.999999},{""sample_id"":1,""cosine_similarity"":0.999999},{""sample_id"":2,""cosine_similarity"":0.999999},{""sample_id"":3,""cosine_similarity"":0.999999},{""sample_id"":4,""cosine_similarity"":0.999999},{""sample_id"":5,""cosine_similarity"":0.999999},{""sample_id"":6,""cosine_similarity"":0.999999},{""sample_id"":7,""cosine_similarity"":0.999999},{""sample_id"":8,""cosine_similarity"":0.999999},{""sample_id"":9,""cosine_similarity"":0.999999}]"
81组实验数据2,71,A3-B2-C3-D2,3,2,3,2,force_fp16,4,high_performance_for_all,l2_with_tiling,l2_optimize,1,否,"input:4,3,224,224",是,记录满足检查,823.7577181,4.855796689,4.978854267,4.9967497,0.999999,0.999999,4,1000,10,42,,,"atc --model=/home/AscendWork/auto_tune2.0/resnet18_full.onnx --input_shape=""input:4,3,224,224"" --framework=5 --soc_version=Ascend310B1 --output=results/om_models/model_exp71 --precision_mode=force_fp16 --op_select_implmode=high_performance_for_all --buffer_optimize=l2_optimize --tiling_schedule_optimize=1 --enable_single_stream=false --input_format=NCHW",C:\Users\25726\Desktop\论文\应用科学\实验数据\81组实验数据2\evaluation_report.json,"[{""sample_id"":0,""cosine_similarity"":0.999999},{""sample_id"":1,""cosine_similarity"":0.999999},{""sample_id"":2,""cosine_similarity"":0.999999},{""sample_id"":3,""cosine_similarity"":0.999999},{""sample_id"":4,""cosine_similarity"":0.999999},{""sample_id"":5,""cosine_similarity"":0.999999},{""sample_id"":6,""cosine_similarity"":0.999999},{""sample_id"":7,""cosine_similarity"":0.999999},{""sample_id"":8,""cosine_similarity"":0.999999},{""sample_id"":9,""cosine_similarity"":0.999999}]"
81组实验数据2,72,A3-B2-C3-D3,3,2,3,3,force_fp16,4,high_performance_for_all,l2_single_stream,l2_optimize,0,是,"input:4,3,224,224",是,记录满足检查,830.4699581,4.816549908,4.85044568,5.009329591,0.999999,0.999999,4,1000,10,42,,,"atc --model=/home/AscendWork/auto_tune2.0/resnet18_full.onnx --input_shape=""input:4,3,224,224"" --framework=5 --soc_version=Ascend310B1 --output=results/om_models/model_exp72 --precision_mode=force_fp16 --op_select_implmode=high_performance_for_all --buffer_optimize=l2_optimize --tiling_schedule_optimize=0 --enable_single_stream=true --input_format=NCHW",C:\Users\25726\Desktop\论文\应用科学\实验数据\81组实验数据2\evaluation_report.json,"[{""sample_id"":0,""cosine_similarity"":0.999999},{""sample_id"":1,""cosine_similarity"":0.999999},{""sample_id"":2,""cosine_similarity"":0.999999},{""sample_id"":3,""cosine_similarity"":0.999999},{""sample_id"":4,""cosine_similarity"":0.999999},{""sample_id"":5,""cosine_similarity"":0.999999},{""sample_id"":6,""cosine_similarity"":0.999999},{""sample_id"":7,""cosine_similarity"":0.999999},{""sample_id"":8,""cosine_similarity"":0.999999},{""sample_id"":9,""cosine_similarity"":0.999999}]"
81组实验数据2,73,A3-B3-C1-D1,3,3,1,1,force_fp16,16,high_precision,standard_l2,l2_optimize,0,否,"input:16,3,224,224",是,记录满足检查,873.1727351,18.3239803,18.54918195,18.64511231,0.999999,0.999999,16,1000,10,42,,,"atc --model=/home/AscendWork/auto_tune2.0/resnet18_full.onnx --input_shape=""input:16,3,224,224"" --framework=5 --soc_version=Ascend310B1 --output=results/om_models/model_exp73 --precision_mode=force_fp16 --op_select_implmode=high_precision --buffer_optimize=l2_optimize --tiling_schedule_optimize=0 --enable_single_stream=false --input_format=NCHW",C:\Users\25726\Desktop\论文\应用科学\实验数据\81组实验数据2\evaluation_report.json,"[{""sample_id"":0,""cosine_similarity"":0.999999},{""sample_id"":1,""cosine_similarity"":0.999999},{""sample_id"":2,""cosine_similarity"":0.999999},{""sample_id"":3,""cosine_similarity"":0.999999},{""sample_id"":4,""cosine_similarity"":0.999999},{""sample_id"":5,""cosine_similarity"":0.999999},{""sample_id"":6,""cosine_similarity"":0.999999},{""sample_id"":7,""cosine_similarity"":0.999999},{""sample_id"":8,""cosine_similarity"":0.999999},{""sample_id"":9,""cosine_similarity"":0.999999}]"
81组实验数据2,74,A3-B3-C1-D2,3,3,1,2,force_fp16,16,high_precision,l2_with_tiling,l2_optimize,1,否,"input:16,3,224,224",是,记录满足检查,871.9615008,18.34943399,18.62075842,19.02135717,0.999999,0.999999,16,1000,10,42,,,"atc --model=/home/AscendWork/auto_tune2.0/resnet18_full.onnx --input_shape=""input:16,3,224,224"" --framework=5 --soc_version=Ascend310B1 --output=results/om_models/model_exp74 --precision_mode=force_fp16 --op_select_implmode=high_precision --buffer_optimize=l2_optimize --tiling_schedule_optimize=1 --enable_single_stream=false --input_format=NCHW",C:\Users\25726\Desktop\论文\应用科学\实验数据\81组实验数据2\evaluation_report.json,"[{""sample_id"":0,""cosine_similarity"":0.999999},{""sample_id"":1,""cosine_similarity"":0.999999},{""sample_id"":2,""cosine_similarity"":0.999999},{""sample_id"":3,""cosine_similarity"":0.999999},{""sample_id"":4,""cosine_similarity"":0.999999},{""sample_id"":5,""cosine_similarity"":0.999999},{""sample_id"":6,""cosine_similarity"":0.999999},{""sample_id"":7,""cosine_similarity"":0.999999},{""sample_id"":8,""cosine_similarity"":0.999999},{""sample_id"":9,""cosine_similarity"":0.999999}]"
81组实验数据2,75,A3-B3-C1-D3,3,3,1,3,force_fp16,16,high_precision,l2_single_stream,l2_optimize,0,是,"input:16,3,224,224",是,记录满足检查,876.9489886,18.24507492,18.49097027,18.63210483,0.999999,0.999999,16,1000,10,42,,,"atc --model=/home/AscendWork/auto_tune2.0/resnet18_full.onnx --input_shape=""input:16,3,224,224"" --framework=5 --soc_version=Ascend310B1 --output=results/om_models/model_exp75 --precision_mode=force_fp16 --op_select_implmode=high_precision --buffer_optimize=l2_optimize --tiling_schedule_optimize=0 --enable_single_stream=true --input_format=NCHW",C:\Users\25726\Desktop\论文\应用科学\实验数据\81组实验数据2\evaluation_report.json,"[{""sample_id"":0,""cosine_similarity"":0.999999},{""sample_id"":1,""cosine_similarity"":0.999999},{""sample_id"":2,""cosine_similarity"":0.999999},{""sample_id"":3,""cosine_similarity"":0.999999},{""sample_id"":4,""cosine_similarity"":0.999999},{""sample_id"":5,""cosine_similarity"":0.999999},{""sample_id"":6,""cosine_similarity"":0.999999},{""sample_id"":7,""cosine_similarity"":0.999999},{""sample_id"":8,""cosine_similarity"":0.999999},{""sample_id"":9,""cosine_similarity"":0.999999}]"
81组实验数据2,76,A3-B3-C2-D1,3,3,2,1,force_fp16,16,high_performance,standard_l2,l2_optimize,0,否,"input:16,3,224,224",是,记录满足检查,868.1747815,18.42946874,18.67603115,18.71309378,0.999999,0.999999,16,1000,10,42,,,"atc --model=/home/AscendWork/auto_tune2.0/resnet18_full.onnx --input_shape=""input:16,3,224,224"" --framework=5 --soc_version=Ascend310B1 --output=results/om_models/model_exp76 --precision_mode=force_fp16 --op_select_implmode=high_performance --buffer_optimize=l2_optimize --tiling_schedule_optimize=0 --enable_single_stream=false --input_format=NCHW",C:\Users\25726\Desktop\论文\应用科学\实验数据\81组实验数据2\evaluation_report.json,"[{""sample_id"":0,""cosine_similarity"":0.999999},{""sample_id"":1,""cosine_similarity"":0.999999},{""sample_id"":2,""cosine_similarity"":0.999999},{""sample_id"":3,""cosine_similarity"":0.999999},{""sample_id"":4,""cosine_similarity"":0.999999},{""sample_id"":5,""cosine_similarity"":0.999999},{""sample_id"":6,""cosine_similarity"":0.999999},{""sample_id"":7,""cosine_similarity"":0.999999},{""sample_id"":8,""cosine_similarity"":0.999999},{""sample_id"":9,""cosine_similarity"":0.999999}]"
81组实验数据2,77,A3-B3-C2-D2,3,3,2,2,force_fp16,16,high_performance,l2_with_tiling,l2_optimize,1,否,"input:16,3,224,224",是,记录满足检查,876.3439717,18.25767109,18.49052518,18.65446541,0.999999,0.999999,16,1000,10,42,,,"atc --model=/home/AscendWork/auto_tune2.0/resnet18_full.onnx --input_shape=""input:16,3,224,224"" --framework=5 --soc_version=Ascend310B1 --output=results/om_models/model_exp77 --precision_mode=force_fp16 --op_select_implmode=high_performance --buffer_optimize=l2_optimize --tiling_schedule_optimize=1 --enable_single_stream=false --input_format=NCHW",C:\Users\25726\Desktop\论文\应用科学\实验数据\81组实验数据2\evaluation_report.json,"[{""sample_id"":0,""cosine_similarity"":0.999999},{""sample_id"":1,""cosine_similarity"":0.999999},{""sample_id"":2,""cosine_similarity"":0.999999},{""sample_id"":3,""cosine_similarity"":0.999999},{""sample_id"":4,""cosine_similarity"":0.999999},{""sample_id"":5,""cosine_similarity"":0.999999},{""sample_id"":6,""cosine_similarity"":0.999999},{""sample_id"":7,""cosine_similarity"":0.999999},{""sample_id"":8,""cosine_similarity"":0.999999},{""sample_id"":9,""cosine_similarity"":0.999999}]"
81组实验数据2,78,A3-B3-C2-D3,3,3,2,3,force_fp16,16,high_performance,l2_single_stream,l2_optimize,0,是,"input:16,3,224,224",是,记录满足检查,866.2617746,18.47016741,18.56371921,21.51522318,0.999999,0.999999,16,1000,10,42,,,"atc --model=/home/AscendWork/auto_tune2.0/resnet18_full.onnx --input_shape=""input:16,3,224,224"" --framework=5 --soc_version=Ascend310B1 --output=results/om_models/model_exp78 --precision_mode=force_fp16 --op_select_implmode=high_performance --buffer_optimize=l2_optimize --tiling_schedule_optimize=0 --enable_single_stream=true --input_format=NCHW",C:\Users\25726\Desktop\论文\应用科学\实验数据\81组实验数据2\evaluation_report.json,"[{""sample_id"":0,""cosine_similarity"":0.999999},{""sample_id"":1,""cosine_similarity"":0.999999},{""sample_id"":2,""cosine_similarity"":0.999999},{""sample_id"":3,""cosine_similarity"":0.999999},{""sample_id"":4,""cosine_similarity"":0.999999},{""sample_id"":5,""cosine_similarity"":0.999999},{""sample_id"":6,""cosine_similarity"":0.999999},{""sample_id"":7,""cosine_similarity"":0.999999},{""sample_id"":8,""cosine_similarity"":0.999999},{""sample_id"":9,""cosine_similarity"":0.999999}]"
81组实验数据2,79,A3-B3-C3-D1,3,3,3,1,force_fp16,16,high_performance_for_all,standard_l2,l2_optimize,0,否,"input:16,3,224,224",是,记录满足检查,874.3165949,18.30000722,18.52849893,18.63477248,0.999999,0.999999,16,1000,10,42,,,"atc --model=/home/AscendWork/auto_tune2.0/resnet18_full.onnx --input_shape=""input:16,3,224,224"" --framework=5 --soc_version=Ascend310B1 --output=results/om_models/model_exp79 --precision_mode=force_fp16 --op_select_implmode=high_performance_for_all --buffer_optimize=l2_optimize --tiling_schedule_optimize=0 --enable_single_stream=false --input_format=NCHW",C:\Users\25726\Desktop\论文\应用科学\实验数据\81组实验数据2\evaluation_report.json,"[{""sample_id"":0,""cosine_similarity"":0.999999},{""sample_id"":1,""cosine_similarity"":0.999999},{""sample_id"":2,""cosine_similarity"":0.999999},{""sample_id"":3,""cosine_similarity"":0.999999},{""sample_id"":4,""cosine_similarity"":0.999999},{""sample_id"":5,""cosine_similarity"":0.999999},{""sample_id"":6,""cosine_similarity"":0.999999},{""sample_id"":7,""cosine_similarity"":0.999999},{""sample_id"":8,""cosine_similarity"":0.999999},{""sample_id"":9,""cosine_similarity"":0.999999}]"
81组实验数据2,80,A3-B3-C3-D2,3,3,3,2,force_fp16,16,high_performance_for_all,l2_with_tiling,l2_optimize,1,否,"input:16,3,224,224",是,记录满足检查,872.472112,18.33869505,18.61186516,18.72806788,0.999999,0.999999,16,1000,10,42,,,"atc --model=/home/AscendWork/auto_tune2.0/resnet18_full.onnx --input_shape=""input:16,3,224,224"" --framework=5 --soc_version=Ascend310B1 --output=results/om_models/model_exp80 --precision_mode=force_fp16 --op_select_implmode=high_performance_for_all --buffer_optimize=l2_optimize --tiling_schedule_optimize=1 --enable_single_stream=false --input_format=NCHW",C:\Users\25726\Desktop\论文\应用科学\实验数据\81组实验数据2\evaluation_report.json,"[{""sample_id"":0,""cosine_similarity"":0.999999},{""sample_id"":1,""cosine_similarity"":0.999999},{""sample_id"":2,""cosine_similarity"":0.999999},{""sample_id"":3,""cosine_similarity"":0.999999},{""sample_id"":4,""cosine_similarity"":0.999999},{""sample_id"":5,""cosine_similarity"":0.999999},{""sample_id"":6,""cosine_similarity"":0.999999},{""sample_id"":7,""cosine_similarity"":0.999999},{""sample_id"":8,""cosine_similarity"":0.999999},{""sample_id"":9,""cosine_similarity"":0.999999}]"
81组实验数据2,81,A3-B3-C3-D3,3,3,3,3,force_fp16,16,high_performance_for_all,l2_single_stream,l2_optimize,0,是,"input:16,3,224,224",是,记录满足检查,878.1200196,18.22074391,18.55003105,18.58287167,0.999999,0.999999,16,1000,10,42,,,"atc --model=/home/AscendWork/auto_tune2.0/resnet18_full.onnx --input_shape=""input:16,3,224,224"" --framework=5 --soc_version=Ascend310B1 --output=results/om_models/model_exp81 --precision_mode=force_fp16 --op_select_implmode=high_performance_for_all --buffer_optimize=l2_optimize --tiling_schedule_optimize=0 --enable_single_stream=true --input_format=NCHW",C:\Users\25726\Desktop\论文\应用科学\实验数据\81组实验数据2\evaluation_report.json,"[{""sample_id"":0,""cosine_similarity"":0.999999},{""sample_id"":1,""cosine_similarity"":0.999999},{""sample_id"":2,""cosine_similarity"":0.999999},{""sample_id"":3,""cosine_similarity"":0.999999},{""sample_id"":4,""cosine_similarity"":0.999999},{""sample_id"":5,""cosine_similarity"":0.999999},{""sample_id"":6,""cosine_similarity"":0.999999},{""sample_id"":7,""cosine_similarity"":0.999999},{""sample_id"":8,""cosine_similarity"":0.999999},{""sample_id"":9,""cosine_similarity"":0.999999}]"
