数据组,实验序号,配置ID,精度模式,Batch,算子实现,图优化策略,通过准入且指标完整,未评分原因,可行配置数,评分排名,TOPSIS得分,与本组最高分差值,最小余弦,余弦阈值,权重样本Exp,有效初始L9数量,权重来源,评分范围,用途,原始数据来源,来源CSV_SHA256,数据一致性提示,FPS,FPS_CRITIC权重,FPS_权重样本最小值,FPS_权重样本最大值,FPS_评分最小值,FPS_评分最大值,FPS_同向归一化,平均批延迟_ms,平均批延迟_ms_CRITIC权重,平均批延迟_ms_权重样本最小值,平均批延迟_ms_权重样本最大值,平均批延迟_ms_评分最小值,平均批延迟_ms_评分最大值,平均批延迟_ms_同向归一化,P95批延迟_ms,P95批延迟_ms_CRITIC权重,P95批延迟_ms_权重样本最小值,P95批延迟_ms_权重样本最大值,P95批延迟_ms_评分最小值,P95批延迟_ms_评分最大值,P95批延迟_ms_同向归一化,P99批延迟_ms,P99批延迟_ms_CRITIC权重,P99批延迟_ms_权重样本最小值,P99批延迟_ms_权重样本最大值,P99批延迟_ms_评分最小值,P99批延迟_ms_评分最大值,P99批延迟_ms_同向归一化
81组实验数据3,67,A3-B2-C2-D1,force_fp16,4,high_performance,standard_l2,是,,81,1,0.9026833496767266,0.0,0.999999,0.999,"1,14,27,33,43,47,62,66,76",9,本CSV可行初始L9；极差归一化、样本标准差、Pearson相关,本CSV全部可行配置；FPS越高越好，延迟越低越好,按作者确认的新1000次汇总数据回溯评分；平均延迟由FPS换算；未计算预算,C:\Users\25726\Desktop\论文\应用科学\实验数据\81组实验数据3_实验数据.csv,cb1752ec0c1b3238c318169911593f77c3046c3a2745221c85183192460cb378,FPS与平均批延迟已按公式统一；新1000次逐次记录待补，旧50条序列未用于评分,829.9200453,0.4881852170033022,416.655819,868.2894666,407.864868,876.9566481,0.8997283585101984,4.81974139877,0.17169904076646858,1.41339505215,38.400999747,1.41339505215,39.2286790438,0.9099214395065193,4.84882526,0.17182471980623013,1.4361862,38.99488324,1.422850194,39.57370866,0.9101992667071116,4.910006757,0.16829102242399901,1.503047371,39.13301483,1.503047371,40.92690871,0.9135812863000898
81组实验数据3,68,A3-B2-C2-D2,force_fp16,4,high_performance,l2_with_tiling,是,,81,2,0.9017900533638844,0.0008932963128421845,0.999999,0.999,"1,14,27,33,43,47,62,66,76",9,本CSV可行初始L9；极差归一化、样本标准差、Pearson相关,本CSV全部可行配置；FPS越高越好，延迟越低越好,按作者确认的新1000次汇总数据回溯评分；平均延迟由FPS换算；未计算预算,C:\Users\25726\Desktop\论文\应用科学\实验数据\81组实验数据3_实验数据.csv,cb1752ec0c1b3238c318169911593f77c3046c3a2745221c85183192460cb378,FPS与平均批延迟已按公式统一；新1000次逐次记录待补，旧50条序列未用于评分,829.3744641,0.4881852170033022,416.655819,868.2894666,407.864868,876.9566481,0.8985652999720937,4.8229119332,0.17169904076646858,1.41339505215,38.400999747,1.41339505215,39.2286790438,0.9098375968351089,4.856147287,0.17182471980623013,1.4361862,38.99488324,1.422850194,39.57370866,0.9100073437125995,4.907588302,0.16829102242399901,1.503047371,39.13301483,1.503047371,40.92690871,0.9136426312550957
81组实验数据3,72,A3-B2-C3-D3,force_fp16,4,high_performance_for_all,l2_single_stream,是,,81,3,0.900855228926623,0.0018281207501036345,0.999999,0.999,"1,14,27,33,43,47,62,66,76",9,本CSV可行初始L9；极差归一化、样本标准差、Pearson相关,本CSV全部可行配置；FPS越高越好，延迟越低越好,按作者确认的新1000次汇总数据回溯评分；平均延迟由FPS换算；未计算预算,C:\Users\25726\Desktop\论文\应用科学\实验数据\81组实验数据3_实验数据.csv,cb1752ec0c1b3238c318169911593f77c3046c3a2745221c85183192460cb378,FPS与平均批延迟已按公式统一；新1000次逐次记录待补，旧50条序列未用于评分,828.923768,0.4881852170033022,416.655819,868.2894666,407.864868,876.9566481,0.8976045154963908,4.82553421004,0.17169904076646858,1.41339505215,38.400999747,1.41339505215,39.2286790438,0.909768252470524,4.849801907,0.17182471980623013,1.4361862,38.99488324,1.422850194,39.57370866,0.9101736670996776,5.017995363,0.16829102242399901,1.503047371,39.13301483,1.503047371,40.92690871,0.910842117625783
81组实验数据3,64,A3-B2-C1-D1,force_fp16,4,high_precision,standard_l2,是,,81,4,0.8991951436484762,0.0034882060282503957,0.999999,0.999,"1,14,27,33,43,47,62,66,76",9,本CSV可行初始L9；极差归一化、样本标准差、Pearson相关,本CSV全部可行配置；FPS越高越好，延迟越低越好,按作者确认的新1000次汇总数据回溯评分；平均延迟由FPS换算；未计算预算,C:\Users\25726\Desktop\论文\应用科学\实验数据\81组实验数据3_实验数据.csv,cb1752ec0c1b3238c318169911593f77c3046c3a2745221c85183192460cb378,FPS与平均批延迟已按公式统一；新1000次逐次记录待补，旧50条序列未用于评分,829.3284201,0.4881852170033022,416.655819,868.2894666,407.864868,876.9566481,0.898467144340396,4.82317969945,0.17169904076646858,1.41339505215,38.400999747,1.41339505215,39.2286790438,0.9098305159349612,4.950273124,0.17182471980623013,1.4361862,38.99488324,1.422850194,39.57370866,0.9075401426905338,5.955650604,0.16829102242399901,1.503047371,39.13301483,1.503047371,40.92690871,0.8870581652387441
81组实验数据3,69,A3-B2-C2-D3,force_fp16,4,high_performance,l2_single_stream,是,,81,5,0.8962200346263026,0.006463315050423968,0.999999,0.999,"1,14,27,33,43,47,62,66,76",9,本CSV可行初始L9；极差归一化、样本标准差、Pearson相关,本CSV全部可行配置；FPS越高越好，延迟越低越好,按作者确认的新1000次汇总数据回溯评分；平均延迟由FPS换算；未计算预算,C:\Users\25726\Desktop\论文\应用科学\实验数据\81组实验数据3_实验数据.csv,cb1752ec0c1b3238c318169911593f77c3046c3a2745221c85183192460cb378,FPS与平均批延迟已按公式统一；新1000次逐次记录待补，旧50条序列未用于评分,825.9313897,0.4881852170033022,416.655819,868.2894666,407.864868,876.9566481,0.8912254263139665,4.84301728919,0.17169904076646858,1.41339505215,38.400999747,1.41339505215,39.2286790438,0.9093059240862161,4.835540808,0.17182471980623013,1.4361862,38.99488324,1.422850194,39.57370866,0.9105474751756534,4.911847767,0.16829102242399901,1.503047371,39.13301483,1.503047371,40.92690871,0.9135345884390109
81组实验数据3,70,A3-B2-C3-D1,force_fp16,4,high_performance_for_all,standard_l2,是,,81,6,0.8946253118885672,0.008058037788159389,0.999999,0.999,"1,14,27,33,43,47,62,66,76",9,本CSV可行初始L9；极差归一化、样本标准差、Pearson相关,本CSV全部可行配置；FPS越高越好，延迟越低越好,按作者确认的新1000次汇总数据回溯评分；平均延迟由FPS换算；未计算预算,C:\Users\25726\Desktop\论文\应用科学\实验数据\81组实验数据3_实验数据.csv,cb1752ec0c1b3238c318169911593f77c3046c3a2745221c85183192460cb378,FPS与平均批延迟已按公式统一；新1000次逐次记录待补，旧50条序列未用于评分,825.0018083,0.4881852170033022,416.655819,868.2894666,407.864868,876.9566481,0.8892437642183275,4.84847422122,0.17169904076646858,1.41339505215,38.400999747,1.41339505215,39.2286790438,0.9091616191530255,4.880975141,0.17182471980623013,1.4361862,38.99488324,1.422850194,39.57370866,0.9093565627079696,4.899041042,0.16829102242399901,1.503047371,39.13301483,1.503047371,40.92690871,0.9138594354876011
81组实验数据3,71,A3-B2-C3-D2,force_fp16,4,high_performance_for_all,l2_with_tiling,是,,81,7,0.89261602583443,0.010067323842296583,0.999999,0.999,"1,14,27,33,43,47,62,66,76",9,本CSV可行初始L9；极差归一化、样本标准差、Pearson相关,本CSV全部可行配置；FPS越高越好，延迟越低越好,按作者确认的新1000次汇总数据回溯评分；平均延迟由FPS换算；未计算预算,C:\Users\25726\Desktop\论文\应用科学\实验数据\81组实验数据3_实验数据.csv,cb1752ec0c1b3238c318169911593f77c3046c3a2745221c85183192460cb378,FPS与平均批延迟已按公式统一；新1000次逐次记录待补，旧50条序列未用于评分,824.0362762,0.4881852170033022,416.655819,868.2894666,407.864868,876.9566481,0.8871854631758446,4.85415523021,0.17169904076646858,1.41339505215,38.400999747,1.41339505215,39.2286790438,0.909011388653864,4.987975747,0.17182471980623013,1.4361862,38.99488324,1.422850194,39.57370866,0.9065518917175288,5.007299557,0.16829102242399901,1.503047371,39.13301483,1.503047371,40.92690871,0.9111134204773234
81组实验数据3,65,A3-B2-C1-D2,force_fp16,4,high_precision,l2_with_tiling,是,,81,8,0.8329516409820807,0.06973170869464584,0.999999,0.999,"1,14,27,33,43,47,62,66,76",9,本CSV可行初始L9；极差归一化、样本标准差、Pearson相关,本CSV全部可行配置；FPS越高越好，延迟越低越好,按作者确认的新1000次汇总数据回溯评分；平均延迟由FPS换算；未计算预算,C:\Users\25726\Desktop\论文\应用科学\实验数据\81组实验数据3_实验数据.csv,cb1752ec0c1b3238c318169911593f77c3046c3a2745221c85183192460cb378,FPS与平均批延迟已按公式统一；新1000次逐次记录待补，旧50条序列未用于评分,792.5974693,0.4881852170033022,416.655819,868.2894666,407.864868,876.9566481,0.8201648752361071,5.04669792036,0.17169904076646858,1.41339505215,38.400999747,1.41339505215,39.2286790438,0.9039197254471957,5.020943684,0.17182471980623013,1.4361862,38.99488324,1.422850194,39.57370866,0.9056877450554195,8.588516726,0.16829102242399901,1.503047371,39.13301483,1.503047371,40.92690871,0.8202745973035699
81组实验数据3,66,A3-B2-C1-D3,force_fp16,4,high_precision,l2_single_stream,是,,81,9,0.8218025661947728,0.08088078348195382,0.999999,0.999,"1,14,27,33,43,47,62,66,76",9,本CSV可行初始L9；极差归一化、样本标准差、Pearson相关,本CSV全部可行配置；FPS越高越好，延迟越低越好,按作者确认的新1000次汇总数据回溯评分；平均延迟由FPS换算；未计算预算,C:\Users\25726\Desktop\论文\应用科学\实验数据\81组实验数据3_实验数据.csv,cb1752ec0c1b3238c318169911593f77c3046c3a2745221c85183192460cb378,FPS与平均批延迟已按公式统一；新1000次逐次记录待补，旧50条序列未用于评分,785.0066917,0.4881852170033022,416.655819,868.2894666,407.864868,876.9566481,0.8039830150500648,5.09549796491,0.17169904076646858,1.41339505215,38.400999747,1.41339505215,39.2286790438,0.9026292407701328,5.109361698,0.17182471980623013,1.4361862,38.99488324,1.422850194,39.57370866,0.9033701559485112,7.837705941,0.16829102242399901,1.503047371,39.13301483,1.503047371,40.92690871,0.8393191748639435
81组实验数据3,79,A3-B3-C3-D1,force_fp16,16,high_performance_for_all,standard_l2,是,,81,10,0.7975856632824209,0.10509768639430572,0.999999,0.999,"1,14,27,33,43,47,62,66,76",9,本CSV可行初始L9；极差归一化、样本标准差、Pearson相关,本CSV全部可行配置；FPS越高越好，延迟越低越好,按作者确认的新1000次汇总数据回溯评分；平均延迟由FPS换算；未计算预算,C:\Users\25726\Desktop\论文\应用科学\实验数据\81组实验数据3_实验数据.csv,cb1752ec0c1b3238c318169911593f77c3046c3a2745221c85183192460cb378,FPS与平均批延迟已按公式统一；新1000次逐次记录待补，旧50条序列未用于评分,876.9566481,0.4881852170033022,416.655819,868.2894666,407.864868,876.9566481,1.0,18.2449155664,0.17169904076646858,1.41339505215,38.400999747,1.41339505215,39.2286790438,0.5549016498734594,18.47245734,0.17182471980623013,1.4361862,38.99488324,1.422850194,39.57370866,0.5531003014992549,18.65556664,0.16829102242399901,1.503047371,39.13301483,1.503047371,40.92690871,0.5649203632919667
81组实验数据3,81,A3-B3-C3-D3,force_fp16,16,high_performance_for_all,l2_single_stream,是,,81,11,0.7968237896045386,0.105859560072188,0.999999,0.999,"1,14,27,33,43,47,62,66,76",9,本CSV可行初始L9；极差归一化、样本标准差、Pearson相关,本CSV全部可行配置；FPS越高越好，延迟越低越好,按作者确认的新1000次汇总数据回溯评分；平均延迟由FPS换算；未计算预算,C:\Users\25726\Desktop\论文\应用科学\实验数据\81组实验数据3_实验数据.csv,cb1752ec0c1b3238c318169911593f77c3046c3a2745221c85183192460cb378,FPS与平均批延迟已按公式统一；新1000次逐次记录待补，旧50条序列未用于评分,875.0003136,0.4881852170033022,416.655819,868.2894666,407.864868,876.9566481,0.9958295272204877,18.2857077321,0.17169904076646858,1.41339505215,38.400999747,1.41339505215,39.2286790438,0.5538229282192995,18.54689819,0.17182471980623013,1.4361862,38.99488324,1.422850194,39.57370866,0.5511490780407751,18.57044569,0.16829102242399901,1.503047371,39.13301483,1.503047371,40.92690871,0.5670794858920605
81组实验数据3,77,A3-B3-C2-D2,force_fp16,16,high_performance,l2_with_tiling,是,,81,12,0.796717088706484,0.10596626097024264,0.999999,0.999,"1,14,27,33,43,47,62,66,76",9,本CSV可行初始L9；极差归一化、样本标准差、Pearson相关,本CSV全部可行配置；FPS越高越好，延迟越低越好,按作者确认的新1000次汇总数据回溯评分；平均延迟由FPS换算；未计算预算,C:\Users\25726\Desktop\论文\应用科学\实验数据\81组实验数据3_实验数据.csv,cb1752ec0c1b3238c318169911593f77c3046c3a2745221c85183192460cb378,FPS与平均批延迟已按公式统一；新1000次逐次记录待补，旧50条序列未用于评分,875.4260143,0.4881852170033022,416.655819,868.2894666,407.864868,876.9566481,0.996737027027688,18.2768157887,0.17169904076646858,1.41339505215,38.400999747,1.41339505215,39.2286790438,0.5540580697404358,18.58226905,0.17182471980623013,1.4361862,38.99488324,1.422850194,39.57370866,0.5502219466098658,18.61834891,0.16829102242399901,1.503047371,39.13301483,1.503047371,40.92690871,0.5658644040007133
81组实验数据3,75,A3-B3-C1-D3,force_fp16,16,high_precision,l2_single_stream,是,,81,13,0.7960406401859995,0.10664270949072707,0.999999,0.999,"1,14,27,33,43,47,62,66,76",9,本CSV可行初始L9；极差归一化、样本标准差、Pearson相关,本CSV全部可行配置；FPS越高越好，延迟越低越好,按作者确认的新1000次汇总数据回溯评分；平均延迟由FPS换算；未计算预算,C:\Users\25726\Desktop\论文\应用科学\实验数据\81组实验数据3_实验数据.csv,cb1752ec0c1b3238c318169911593f77c3046c3a2745221c85183192460cb378,FPS与平均批延迟已按公式统一；新1000次逐次记录待补，旧50条序列未用于评分,874.3102662,0.4881852170033022,416.655819,868.2894666,407.864868,876.9566481,0.9943584986728271,18.3001396856,0.17169904076646858,1.41339505215,38.400999747,1.41339505215,39.2286790438,0.5534412848207416,18.58870603,0.17182471980623013,1.4361862,38.99488324,1.422850194,39.57370866,0.5500532222283231,18.68081225,0.16829102242399901,1.503047371,39.13301483,1.503047371,40.92690871,0.564279999584746
81组实验数据3,73,A3-B3-C1-D1,force_fp16,16,high_precision,standard_l2,是,,81,14,0.7952710448750943,0.10741230480163233,0.999999,0.999,"1,14,27,33,43,47,62,66,76",9,本CSV可行初始L9；极差归一化、样本标准差、Pearson相关,本CSV全部可行配置；FPS越高越好，延迟越低越好,按作者确认的新1000次汇总数据回溯评分；平均延迟由FPS换算；未计算预算,C:\Users\25726\Desktop\论文\应用科学\实验数据\81组实验数据3_实验数据.csv,cb1752ec0c1b3238c318169911593f77c3046c3a2745221c85183192460cb378,FPS与平均批延迟已按公式统一；新1000次逐次记录待补，旧50条序列未用于评分,871.1989351,0.4881852170033022,416.655819,868.2894666,407.864868,876.9566481,0.9877258284108652,18.3654953598,0.17169904076646858,1.41339505215,38.400999747,1.41339505215,39.2286790438,0.5517129975437128,18.49624261,0.17182471980623013,1.4361862,38.99488324,1.422850194,39.57370866,0.5524768484248975,18.60439234,0.16829102242399901,1.503047371,39.13301483,1.503047371,40.92690871,0.5662184172689722
81组实验数据3,80,A3-B3-C3-D2,force_fp16,16,high_performance_for_all,l2_with_tiling,是,,81,15,0.795070182827002,0.10761316684972455,0.999999,0.999,"1,14,27,33,43,47,62,66,76",9,本CSV可行初始L9；极差归一化、样本标准差、Pearson相关,本CSV全部可行配置；FPS越高越好，延迟越低越好,按作者确认的新1000次汇总数据回溯评分；平均延迟由FPS换算；未计算预算,C:\Users\25726\Desktop\论文\应用科学\实验数据\81组实验数据3_实验数据.csv,cb1752ec0c1b3238c318169911593f77c3046c3a2745221c85183192460cb378,FPS与平均批延迟已按公式统一；新1000次逐次记录待补，旧50条序列未用于评分,872.4337676,0.4881852170033022,416.655819,868.2894666,407.864868,876.9566481,0.9903582183873786,18.3395010535,0.17169904076646858,1.41339505215,38.400999747,1.41339505215,39.2286790438,0.5524003996614846,18.60577529,0.17182471980623013,1.4361862,38.99488324,1.422850194,39.57370866,0.5496058073945203,18.71628877,0.16829102242399901,1.503047371,39.13301483,1.503047371,40.92690871,0.5633801252752524
81组实验数据3,74,A3-B3-C1-D2,force_fp16,16,high_precision,l2_with_tiling,是,,81,16,0.7944488273431021,0.10823452233362452,0.999999,0.999,"1,14,27,33,43,47,62,66,76",9,本CSV可行初始L9；极差归一化、样本标准差、Pearson相关,本CSV全部可行配置；FPS越高越好，延迟越低越好,按作者确认的新1000次汇总数据回溯评分；平均延迟由FPS换算；未计算预算,C:\Users\25726\Desktop\论文\应用科学\实验数据\81组实验数据3_实验数据.csv,cb1752ec0c1b3238c318169911593f77c3046c3a2745221c85183192460cb378,FPS与平均批延迟已按公式统一；新1000次逐次记录待补，旧50条序列未用于评分,873.2288684,0.4881852170033022,416.655819,868.2894666,407.864868,876.9566481,0.9920531975657186,18.3228023935,0.17169904076646858,1.41339505215,38.400999747,1.41339505215,39.2286790438,0.5528419846037975,18.63246175,0.17182471980623013,1.4361862,38.99488324,1.422850194,39.57370866,0.5489063091113091,18.9868262,0.16829102242399901,1.503047371,39.13301483,1.503047371,40.92690871,0.556517848958032
81组实验数据3,76,A3-B3-C2-D1,force_fp16,16,high_performance,standard_l2,是,,81,17,0.7927448133899756,0.10993853628675099,0.999999,0.999,"1,14,27,33,43,47,62,66,76",9,本CSV可行初始L9；极差归一化、样本标准差、Pearson相关,本CSV全部可行配置；FPS越高越好，延迟越低越好,按作者确认的新1000次汇总数据回溯评分；平均延迟由FPS换算；未计算预算,C:\Users\25726\Desktop\论文\应用科学\实验数据\81组实验数据3_实验数据.csv,cb1752ec0c1b3238c318169911593f77c3046c3a2745221c85183192460cb378,FPS与平均批延迟已按公式统一；新1000次逐次记录待补，旧50条序列未用于评分,868.2894666,0.4881852170033022,416.655819,868.2894666,407.864868,876.9566481,0.9815234845979343,18.4270345495,0.17169904076646858,1.41339505215,38.400999747,1.41339505215,39.2286790438,0.5500856346574897,18.70595188,0.17182471980623013,1.4361862,38.99488324,1.422850194,39.57370866,0.5469800056687406,18.73687076,0.16829102242399901,1.503047371,39.13301483,1.503047371,40.92690871,0.5628580559167231
81组实验数据3,78,A3-B3-C2-D3,force_fp16,16,high_performance,l2_single_stream,是,,81,18,0.7839888227567756,0.11869452691995097,0.999999,0.999,"1,14,27,33,43,47,62,66,76",9,本CSV可行初始L9；极差归一化、样本标准差、Pearson相关,本CSV全部可行配置；FPS越高越好，延迟越低越好,按作者确认的新1000次汇总数据回溯评分；平均延迟由FPS换算；未计算预算,C:\Users\25726\Desktop\论文\应用科学\实验数据\81组实验数据3_实验数据.csv,cb1752ec0c1b3238c318169911593f77c3046c3a2745221c85183192460cb378,FPS与平均批延迟已按公式统一；新1000次逐次记录待补，旧50条序列未用于评分,868.3695927,0.4881852170033022,416.655819,868.2894666,407.864868,876.9566481,0.9816942957342601,18.4253342523,0.17169904076646858,1.41339505215,38.400999747,1.41339505215,39.2286790438,0.5501305978845377,18.51389599,0.17182471980623013,1.4361862,38.99488324,1.422850194,39.57370866,0.5520141227953881,21.57734222,0.16829102242399901,1.503047371,39.13301483,1.503047371,40.92690871,0.49080850613834903
81组实验数据3,62,A3-B1-C3-D2,force_fp16,1,high_performance_for_all,l2_with_tiling,是,,81,19,0.7089836873274546,0.19369966234927194,0.999999,0.999,"1,14,27,33,43,47,62,66,76",9,本CSV可行初始L9；极差归一化、样本标准差、Pearson相关,本CSV全部可行配置；FPS越高越好，延迟越低越好,按作者确认的新1000次汇总数据回溯评分；平均延迟由FPS换算；未计算预算,C:\Users\25726\Desktop\论文\应用科学\实验数据\81组实验数据3_实验数据.csv,cb1752ec0c1b3238c318169911593f77c3046c3a2745221c85183192460cb378,FPS与平均批延迟已按公式统一；新1000次逐次记录待补，旧50条序列未用于评分,707.5162733,0.4881852170033022,416.655819,868.2894666,407.864868,876.9566481,0.6387905693766812,1.41339505215,0.17169904076646858,1.41339505215,38.400999747,1.41339505215,39.2286790438,1.0,1.4361862,0.17182471980623013,1.4361862,38.99488324,1.422850194,39.57370866,0.9996504402119316,1.503047371,0.16829102242399901,1.503047371,39.13301483,1.503047371,40.92690871,1.0
81组实验数据3,60,A3-B1-C2-D3,force_fp16,1,high_performance,l2_single_stream,是,,81,20,0.7075454195790095,0.19513793009771707,0.999999,0.999,"1,14,27,33,43,47,62,66,76",9,本CSV可行初始L9；极差归一化、样本标准差、Pearson相关,本CSV全部可行配置；FPS越高越好，延迟越低越好,按作者确认的新1000次汇总数据回溯评分；平均延迟由FPS换算；未计算预算,C:\Users\25726\Desktop\论文\应用科学\实验数据\81组实验数据3_实验数据.csv,cb1752ec0c1b3238c318169911593f77c3046c3a2745221c85183192460cb378,FPS与平均批延迟已按公式统一；新1000次逐次记录待补，旧50条序列未用于评分,706.6017907,0.4881852170033022,416.655819,868.2894666,407.864868,876.9566481,0.636841094585618,1.41522426515,0.17169904076646858,1.41339505215,38.400999747,1.41339505215,39.2286790438,0.9999516276804795,1.422850194,0.17182471980623013,1.4361862,38.99488324,1.422850194,39.57370866,1.0,1.507737136,0.16829102242399901,1.503047371,39.13301483,1.503047371,40.92690871,0.9998810424742601
81组实验数据3,61,A3-B1-C3-D1,force_fp16,1,high_performance_for_all,standard_l2,是,,81,21,0.7065482143204435,0.19613513535628313,0.999999,0.999,"1,14,27,33,43,47,62,66,76",9,本CSV可行初始L9；极差归一化、样本标准差、Pearson相关,本CSV全部可行配置；FPS越高越好，延迟越低越好,按作者确认的新1000次汇总数据回溯评分；平均延迟由FPS换算；未计算预算,C:\Users\25726\Desktop\论文\应用科学\实验数据\81组实验数据3_实验数据.csv,cb1752ec0c1b3238c318169911593f77c3046c3a2745221c85183192460cb378,FPS与平均批延迟已按公式统一；新1000次逐次记录待补，旧50条序列未用于评分,705.9879362,0.4881852170033022,416.655819,868.2894666,407.864868,876.9566481,0.6355324924611698,1.41645479862,0.17169904076646858,1.41339505215,38.400999747,1.41339505215,39.2286790438,0.9999190870424066,1.455511149,0.17182471980623013,1.4361862,38.99488324,1.422850194,39.57370866,0.9991438998671784,1.50635912,0.16829102242399901,1.503047371,39.13301483,1.503047371,40.92690871,0.9999159963309651
81组实验数据3,57,A3-B1-C1-D3,force_fp16,1,high_precision,l2_single_stream,是,,81,22,0.7029074872757407,0.19977586240098588,0.999999,0.999,"1,14,27,33,43,47,62,66,76",9,本CSV可行初始L9；极差归一化、样本标准差、Pearson相关,本CSV全部可行配置；FPS越高越好，延迟越低越好,按作者确认的新1000次汇总数据回溯评分；平均延迟由FPS换算；未计算预算,C:\Users\25726\Desktop\论文\应用科学\实验数据\81组实验数据3_实验数据.csv,cb1752ec0c1b3238c318169911593f77c3046c3a2745221c85183192460cb378,FPS与平均批延迟已按公式统一；新1000次逐次记录待补，旧50条序列未用于评分,703.6778113,0.4881852170033022,416.655819,868.2894666,407.864868,876.9566481,0.6306078167409781,1.42110492038,0.17169904076646858,1.41339505215,38.400999747,1.41339505215,39.2286790438,0.9997961176694666,1.442243872,0.17182471980623013,1.4361862,38.99488324,1.422850194,39.57370866,0.9994916581492581,1.518128376,0.16829102242399901,1.503047371,39.13301483,1.503047371,40.92690871,0.9996174650455895
81组实验数据3,58,A3-B1-C2-D1,force_fp16,1,high_performance,standard_l2,是,,81,23,0.7022640649895124,0.20041928468721415,0.999999,0.999,"1,14,27,33,43,47,62,66,76",9,本CSV可行初始L9；极差归一化、样本标准差、Pearson相关,本CSV全部可行配置；FPS越高越好，延迟越低越好,按作者确认的新1000次汇总数据回溯评分；平均延迟由FPS换算；未计算预算,C:\Users\25726\Desktop\论文\应用科学\实验数据\81组实验数据3_实验数据.csv,cb1752ec0c1b3238c318169911593f77c3046c3a2745221c85183192460cb378,FPS与平均批延迟已按公式统一；新1000次逐次记录待补，旧50条序列未用于评分,703.2657293,0.4881852170033022,416.655819,868.2894666,407.864868,876.9566481,0.629729348992274,1.42193762377,0.17169904076646858,1.41339505215,38.400999747,1.41339505215,39.2286790438,0.9997740973829025,1.423077358,0.17182471980623013,1.4361862,38.99488324,1.422850194,39.57370866,0.9999940456385745,1.532436676,0.16829102242399901,1.503047371,39.13301483,1.503047371,40.92690871,0.9992545300231429
81组实验数据3,55,A3-B1-C1-D1,force_fp16,1,high_precision,standard_l2,是,,81,24,0.7003631653478132,0.2023201843289134,0.999999,0.999,"1,14,27,33,43,47,62,66,76",9,本CSV可行初始L9；极差归一化、样本标准差、Pearson相关,本CSV全部可行配置；FPS越高越好，延迟越低越好,按作者确认的新1000次汇总数据回溯评分；平均延迟由FPS换算；未计算预算,C:\Users\25726\Desktop\论文\应用科学\实验数据\81组实验数据3_实验数据.csv,cb1752ec0c1b3238c318169911593f77c3046c3a2745221c85183192460cb378,FPS与平均批延迟已按公式统一；新1000次逐次记录待补，旧50条序列未用于评分,702.0607416,0.4881852170033022,416.655819,868.2894666,407.864868,876.9566481,0.6271605815332854,1.42437817805,0.17169904076646858,1.41339505215,38.400999747,1.41339505215,39.2286790438,0.9997095585503887,1.432777069,0.17182471980623013,1.4361862,38.99488324,1.422850194,39.57370866,0.9997397994331151,1.52945538,0.16829102242399901,1.503047371,39.13301483,1.503047371,40.92690871,0.9993301516365198
81组实验数据3,56,A3-B1-C1-D2,force_fp16,1,high_precision,l2_with_tiling,是,,81,25,0.6871792045059869,0.21550414517073968,0.999999,0.999,"1,14,27,33,43,47,62,66,76",9,本CSV可行初始L9；极差归一化、样本标准差、Pearson相关,本CSV全部可行配置；FPS越高越好，延迟越低越好,按作者确认的新1000次汇总数据回溯评分；平均延迟由FPS换算；未计算预算,C:\Users\25726\Desktop\论文\应用科学\实验数据\81组实验数据3_实验数据.csv,cb1752ec0c1b3238c318169911593f77c3046c3a2745221c85183192460cb378,FPS与平均批延迟已按公式统一；新1000次逐次记录待补，旧50条序列未用于评分,693.7610047,0.4881852170033022,416.655819,868.2894666,407.864868,876.9566481,0.6094673768085495,1.44141857675,0.17169904076646858,1.41339505215,38.400999747,1.41339505215,39.2286790438,0.9992589365557538,1.502314532,0.17182471980623013,1.4361862,38.99488324,1.422850194,39.57370866,0.9979171022305876,1.698541289,0.16829102242399901,1.503047371,39.13301483,1.503047371,40.92690871,0.9950412285514355
81组实验数据3,63,A3-B1-C3-D3,force_fp16,1,high_performance_for_all,l2_single_stream,是,,81,26,0.6272458305616219,0.2754375191151047,0.999999,0.999,"1,14,27,33,43,47,62,66,76",9,本CSV可行初始L9；极差归一化、样本标准差、Pearson相关,本CSV全部可行配置；FPS越高越好，延迟越低越好,按作者确认的新1000次汇总数据回溯评分；平均延迟由FPS换算；未计算预算,C:\Users\25726\Desktop\论文\应用科学\实验数据\81组实验数据3_实验数据.csv,cb1752ec0c1b3238c318169911593f77c3046c3a2745221c85183192460cb378,FPS与平均批延迟已按公式统一；新1000次逐次记录待补，旧50条序列未用于评分,655.886389,0.4881852170033022,416.655819,868.2894666,407.864868,876.9566481,0.5287270669017634,1.52465429497,0.17169904076646858,1.41339505215,38.400999747,1.41339505215,39.2286790438,0.9970578234228106,1.530641577,0.17182471980623013,1.4361862,38.99488324,1.422850194,39.57370866,0.9971746013763737,3.958268865,0.16829102242399901,1.503047371,39.13301483,1.503047371,40.92690871,0.937722450043949
81组实验数据3,59,A3-B1-C2-D2,force_fp16,1,high_performance,l2_with_tiling,是,,81,27,0.6072527609022234,0.29543058877450323,0.999999,0.999,"1,14,27,33,43,47,62,66,76",9,本CSV可行初始L9；极差归一化、样本标准差、Pearson相关,本CSV全部可行配置；FPS越高越好，延迟越低越好,按作者确认的新1000次汇总数据回溯评分；平均延迟由FPS换算；未计算预算,C:\Users\25726\Desktop\论文\应用科学\实验数据\81组实验数据3_实验数据.csv,cb1752ec0c1b3238c318169911593f77c3046c3a2745221c85183192460cb378,FPS与平均批延迟已按公式统一；新1000次逐次记录待补，旧50条序列未用于评分,642.3850637,0.4881852170033022,416.655819,868.2894666,407.864868,876.9566481,0.499945225324574,1.55669871002,0.17169904076646858,1.41339505215,38.400999747,1.41339505215,39.2286790438,0.9962104302085463,1.574869253,0.17182471980623013,1.4361862,38.99488324,1.422850194,39.57370866,0.9960153174761328,4.140934731,0.16829102242399901,1.503047371,39.13301483,1.503047371,40.92690871,0.9330890666107717
81组实验数据3,43,A2-B2-C3-D1,allow_fp32_to_fp16,4,high_performance_for_all,standard_l2,是,,81,28,0.5397580771089183,0.36292527256780827,0.999999,0.999,"1,14,27,33,43,47,62,66,76",9,本CSV可行初始L9；极差归一化、样本标准差、Pearson相关,本CSV全部可行配置；FPS越高越好，延迟越低越好,按作者确认的新1000次汇总数据回溯评分；平均延迟由FPS换算；未计算预算,C:\Users\25726\Desktop\论文\应用科学\实验数据\81组实验数据3_实验数据.csv,cb1752ec0c1b3238c318169911593f77c3046c3a2745221c85183192460cb378,FPS与平均批延迟已按公式统一；新1000次逐次记录待补，旧50条序列未用于评分,609.0427279,0.4881852170033022,416.655819,868.2894666,407.864868,876.9566481,0.42886673447382373,6.56768370553,0.17169904076646858,1.41339505215,38.400999747,1.41339505215,39.2286790438,0.8636982693421495,6.581656661,0.17182471980623013,1.4361862,38.99488324,1.422850194,39.57370866,0.8647787579512131,6.803945676,0.16829102242399901,1.503047371,39.13301483,1.503047371,40.92690871,0.8655408647210289
81组实验数据3,42,A2-B2-C2-D3,allow_fp32_to_fp16,4,high_performance,l2_single_stream,是,,81,29,0.5397371069683344,0.36294624270839215,0.999999,0.999,"1,14,27,33,43,47,62,66,76",9,本CSV可行初始L9；极差归一化、样本标准差、Pearson相关,本CSV全部可行配置；FPS越高越好，延迟越低越好,按作者确认的新1000次汇总数据回溯评分；平均延迟由FPS换算；未计算预算,C:\Users\25726\Desktop\论文\应用科学\实验数据\81组实验数据3_实验数据.csv,cb1752ec0c1b3238c318169911593f77c3046c3a2745221c85183192460cb378,FPS与平均批延迟已按公式统一；新1000次逐次记录待补，旧50条序列未用于评分,608.9404049,0.4881852170033022,416.655819,868.2894666,407.864868,876.9566481,0.42864860445249137,6.56878730302,0.17169904076646858,1.41339505215,38.400999747,1.41339505215,39.2286790438,0.8636690854415278,6.580300788,0.17182471980623013,1.4361862,38.99488324,1.422850194,39.57370866,0.8648142977281543,6.732738606,0.16829102242399901,1.503047371,39.13301483,1.503047371,40.92690871,0.8673470568996108
81组实验数据3,38,A2-B2-C1-D2,allow_fp32_to_fp16,4,high_precision,l2_with_tiling,是,,81,30,0.5337244050266577,0.36895894465006884,0.999999,0.999,"1,14,27,33,43,47,62,66,76",9,本CSV可行初始L9；极差归一化、样本标准差、Pearson相关,本CSV全部可行配置；FPS越高越好，延迟越低越好,按作者确认的新1000次汇总数据回溯评分；平均延迟由FPS换算；未计算预算,C:\Users\25726\Desktop\论文\应用科学\实验数据\81组实验数据3_实验数据.csv,cb1752ec0c1b3238c318169911593f77c3046c3a2745221c85183192460cb378,FPS与平均批延迟已按公式统一；新1000次逐次记录待补，旧50条序列未用于评分,607.057869,0.4881852170033022,416.655819,868.2894666,407.864868,876.9566481,0.4246354539777619,6.58915764751,0.17169904076646858,1.41339505215,38.400999747,1.41339505215,39.2286790438,0.863130405248236,6.758592854,0.17182471980623013,1.4361862,38.99488324,1.422850194,39.57370866,0.8601409542394647,8.446395954,0.16829102242399901,1.503047371,39.13301483,1.503047371,40.92690871,0.8238795402790415
81组实验数据3,44,A2-B2-C3-D2,allow_fp32_to_fp16,4,high_performance_for_all,l2_with_tiling,是,,81,31,0.5320403267601803,0.37064302291654627,0.999999,0.999,"1,14,27,33,43,47,62,66,76",9,本CSV可行初始L9；极差归一化、样本标准差、Pearson相关,本CSV全部可行配置；FPS越高越好，延迟越低越好,按作者确认的新1000次汇总数据回溯评分；平均延迟由FPS换算；未计算预算,C:\Users\25726\Desktop\论文\应用科学\实验数据\81组实验数据3_实验数据.csv,cb1752ec0c1b3238c318169911593f77c3046c3a2745221c85183192460cb378,FPS与平均批延迟已按公式统一；新1000次逐次记录待补，旧50条序列未用于评分,603.7065281,0.4881852170033022,416.655819,868.2894666,407.864868,876.9566481,0.41749113586737946,6.62573587301,0.17169904076646858,1.41339505215,38.400999747,1.41339505215,39.2286790438,0.8621631184361609,6.626477138,0.17182471980623013,1.4361862,38.99488324,1.422850194,39.57370866,0.863603935711238,6.846102466,0.16829102242399901,1.503047371,39.13301483,1.503047371,40.92690871,0.8644715430318747
81组实验数据3,30,A2-B1-C1-D3,allow_fp32_to_fp16,1,high_precision,l2_single_stream,是,,81,32,0.5256852638210452,0.3769980858556814,0.999999,0.999,"1,14,27,33,43,47,62,66,76",9,本CSV可行初始L9；极差归一化、样本标准差、Pearson相关,本CSV全部可行配置；FPS越高越好，延迟越低越好,按作者确认的新1000次汇总数据回溯评分；平均延迟由FPS换算；未计算预算,C:\Users\25726\Desktop\论文\应用科学\实验数据\81组实验数据3_实验数据.csv,cb1752ec0c1b3238c318169911593f77c3046c3a2745221c85183192460cb378,FPS与平均批延迟已按公式统一；新1000次逐次记录待补，旧50条序列未用于评分,579.4649452,0.4881852170033022,416.655819,868.2894666,407.864868,876.9566481,0.3658134388187715,1.72572993118,0.17169904076646858,1.41339505215,38.400999747,1.41339505215,39.2286790438,0.9917405121405681,1.747130455,0.17182471980623013,1.4361862,38.99488324,1.422850194,39.57370866,0.99150005336606,1.843376522,0.16829102242399901,1.503047371,39.13301483,1.503047371,40.92690871,0.9913674323254752
81组实验数据3,31,A2-B1-C2-D1,allow_fp32_to_fp16,1,high_performance,standard_l2,是,,81,33,0.5231964107018129,0.3794869389749137,0.999999,0.999,"1,14,27,33,43,47,62,66,76",9,本CSV可行初始L9；极差归一化、样本标准差、Pearson相关,本CSV全部可行配置；FPS越高越好，延迟越低越好,按作者确认的新1000次汇总数据回溯评分；平均延迟由FPS换算；未计算预算,C:\Users\25726\Desktop\论文\应用科学\实验数据\81组实验数据3_实验数据.csv,cb1752ec0c1b3238c318169911593f77c3046c3a2745221c85183192460cb378,FPS与平均批延迟已按公式统一；新1000次逐次记录待补，旧50条序列未用于评分,577.413516,0.4881852170033022,416.655819,868.2894666,407.864868,876.9566481,0.3614402451559819,1.73186108792,0.17169904076646858,1.41339505215,38.400999747,1.41339505215,39.2286790438,0.9915783777839584,1.74358035,0.17182471980623013,1.4361862,38.99488324,1.422850194,39.57370866,0.9915931077596633,1.820805987,0.16829102242399901,1.503047371,39.13301483,1.503047371,40.92690871,0.9919399418218413
81组实验数据3,45,A2-B2-C3-D3,allow_fp32_to_fp16,4,high_performance_for_all,l2_single_stream,是,,81,34,0.5221241627293527,0.3805591869473739,0.999999,0.999,"1,14,27,33,43,47,62,66,76",9,本CSV可行初始L9；极差归一化、样本标准差、Pearson相关,本CSV全部可行配置；FPS越高越好，延迟越低越好,按作者确认的新1000次汇总数据回溯评分；平均延迟由FPS换算；未计算预算,C:\Users\25726\Desktop\论文\应用科学\实验数据\81组实验数据3_实验数据.csv,cb1752ec0c1b3238c318169911593f77c3046c3a2745221c85183192460cb378,FPS与平均批延迟已按公式统一；新1000次逐次记录待补，旧50条序列未用于评分,598.5415307,0.4881852170033022,416.655819,868.2894666,407.864868,876.9566481,0.40648050293985516,6.68291136844,0.17169904076646858,1.41339505215,38.400999747,1.41339505215,39.2286790438,0.8606511505386668,6.728415646,0.17182471980623013,1.4361862,38.99488324,1.422850194,39.57370866,0.8609319510666238,8.235978046,0.16829102242399901,1.503047371,39.13301483,1.503047371,40.92690871,0.8292168639417505
81组实验数据3,29,A2-B1-C1-D2,allow_fp32_to_fp16,1,high_precision,l2_with_tiling,是,,81,35,0.5220731331240572,0.38061021655266936,0.999999,0.999,"1,14,27,33,43,47,62,66,76",9,本CSV可行初始L9；极差归一化、样本标准差、Pearson相关,本CSV全部可行配置；FPS越高越好，延迟越低越好,按作者确认的新1000次汇总数据回溯评分；平均延迟由FPS换算；未计算预算,C:\Users\25726\Desktop\论文\应用科学\实验数据\81组实验数据3_实验数据.csv,cb1752ec0c1b3238c318169911593f77c3046c3a2745221c85183192460cb378,FPS与平均批延迟已按公式统一；新1000次逐次记录待补，旧50条序列未用于评分,576.5271905,0.4881852170033022,416.655819,868.2894666,407.864868,876.9566481,0.35955079507904586,1.73452356884,0.17169904076646858,1.41339505215,38.400999747,1.41339505215,39.2286790438,0.991507970249254,1.75982931,0.17182471980623013,1.4361862,38.99488324,1.422850194,39.57370866,0.9911671944079499,1.82615931,0.16829102242399901,1.503047371,39.13301483,1.503047371,40.92690871,0.9918041529158799
81组实验数据3,32,A2-B1-C2-D2,allow_fp32_to_fp16,1,high_performance,l2_with_tiling,是,,81,36,0.5219243177784949,0.3807590318982317,0.999999,0.999,"1,14,27,33,43,47,62,66,76",9,本CSV可行初始L9；极差归一化、样本标准差、Pearson相关,本CSV全部可行配置；FPS越高越好，延迟越低越好,按作者确认的新1000次汇总数据回溯评分；平均延迟由FPS换算；未计算预算,C:\Users\25726\Desktop\论文\应用科学\实验数据\81组实验数据3_实验数据.csv,cb1752ec0c1b3238c318169911593f77c3046c3a2745221c85183192460cb378,FPS与平均批延迟已按公式统一；新1000次逐次记录待补，旧50条序列未用于评分,576.4095267,0.4881852170033022,416.655819,868.2894666,407.864868,876.9566481,0.35929996186262314,1.73487764112,0.17169904076646858,1.41339505215,38.400999747,1.41339505215,39.2286790438,0.9914986070436232,1.746910743,0.17182471980623013,1.4361862,38.99488324,1.422850194,39.57370866,0.9915058123976738,1.843037769,0.16829102242399901,1.503047371,39.13301483,1.503047371,40.92690871,0.9913760249135296
81组实验数据3,33,A2-B1-C2-D3,allow_fp32_to_fp16,1,high_performance,l2_single_stream,是,,81,37,0.5216455105492829,0.3810378391274437,0.999999,0.999,"1,14,27,33,43,47,62,66,76",9,本CSV可行初始L9；极差归一化、样本标准差、Pearson相关,本CSV全部可行配置；FPS越高越好，延迟越低越好,按作者确认的新1000次汇总数据回溯评分；平均延迟由FPS换算；未计算预算,C:\Users\25726\Desktop\论文\应用科学\实验数据\81组实验数据3_实验数据.csv,cb1752ec0c1b3238c318169911593f77c3046c3a2745221c85183192460cb378,FPS与平均批延迟已按公式统一；新1000次逐次记录待补，旧50条序列未用于评分,576.1781098,0.4881852170033022,416.655819,868.2894666,407.864868,876.9566481,0.3588066321778636,1.73557443956,0.17169904076646858,1.41339505215,38.400999747,1.41339505215,39.2286790438,0.9914801806729485,1.761059255,0.17182471980623013,1.4361862,38.99488324,1.422850194,39.57370866,0.9911349554217395,1.824700641,0.16829102242399901,1.503047371,39.13301483,1.503047371,40.92690871,0.991841152564074
81组实验数据3,36,A2-B1-C3-D3,allow_fp32_to_fp16,1,high_performance_for_all,l2_single_stream,是,,81,38,0.5209529397259394,0.3817304099507872,0.999999,0.999,"1,14,27,33,43,47,62,66,76",9,本CSV可行初始L9；极差归一化、样本标准差、Pearson相关,本CSV全部可行配置；FPS越高越好，延迟越低越好,按作者确认的新1000次汇总数据回溯评分；平均延迟由FPS换算；未计算预算,C:\Users\25726\Desktop\论文\应用科学\实验数据\81组实验数据3_实验数据.csv,cb1752ec0c1b3238c318169911593f77c3046c3a2745221c85183192460cb378,FPS与平均批延迟已按公式统一；新1000次逐次记录待补，旧50条序列未用于评分,575.5980858,0.4881852170033022,416.655819,868.2894666,407.864868,876.9566481,0.35757014920245034,1.73732335925,0.17169904076646858,1.41339505215,38.400999747,1.41339505215,39.2286790438,0.9914339316565353,1.745772525,0.17182471980623013,1.4361862,38.99488324,1.422850194,39.57370866,0.9915356470605298,1.829934286,0.16829102242399901,1.503047371,39.13301483,1.503047371,40.92690871,0.9917083993323448
81组实验数据3,34,A2-B1-C3-D1,allow_fp32_to_fp16,1,high_performance_for_all,standard_l2,是,,81,39,0.5204321520507142,0.38225119762601234,0.999999,0.999,"1,14,27,33,43,47,62,66,76",9,本CSV可行初始L9；极差归一化、样本标准差、Pearson相关,本CSV全部可行配置；FPS越高越好，延迟越低越好,按作者确认的新1000次汇总数据回溯评分；平均延迟由FPS换算；未计算预算,C:\Users\25726\Desktop\论文\应用科学\实验数据\81组实验数据3_实验数据.csv,cb1752ec0c1b3238c318169911593f77c3046c3a2745221c85183192460cb378,FPS与平均批延迟已按公式统一；新1000次逐次记录待补，旧50条序列未用于评分,575.18999,0.4881852170033022,416.655819,868.2894666,407.864868,876.9566481,0.35670017915114594,1.73855598565,0.17169904076646858,1.41339505215,38.400999747,1.41339505215,39.2286790438,0.9914013356723224,1.766093429,0.17182471980623013,1.4361862,38.99488324,1.422850194,39.57370866,0.9910030010122604,1.822303685,0.16829102242399901,1.503047371,39.13301483,1.503047371,40.92690871,0.9919019521894428
81组实验数据3,37,A2-B2-C1-D1,allow_fp32_to_fp16,4,high_precision,standard_l2,是,,81,40,0.5145459108554846,0.38813743882124196,0.999999,0.999,"1,14,27,33,43,47,62,66,76",9,本CSV可行初始L9；极差归一化、样本标准差、Pearson相关,本CSV全部可行配置；FPS越高越好，延迟越低越好,按作者确认的新1000次汇总数据回溯评分；平均延迟由FPS换算；未计算预算,C:\Users\25726\Desktop\论文\应用科学\实验数据\81组实验数据3_实验数据.csv,cb1752ec0c1b3238c318169911593f77c3046c3a2745221c85183192460cb378,FPS与平均批延迟已按公式统一；新1000次逐次记录待补，旧50条序列未用于评分,595.7322282,0.4881852170033022,416.655819,868.2894666,407.864868,876.9566481,0.40049169090098063,6.71442606368,0.17169904076646858,1.41339505215,38.400999747,1.41339505215,39.2286790438,0.8598177654119821,6.707160955,0.17182471980623013,1.4361862,38.99488324,1.422850194,39.57370866,0.8614890732875808,10.24770276,0.16829102242399901,1.503047371,39.13301483,1.503047371,40.92690871,0.7781887645706241
81组实验数据3,40,A2-B2-C2-D1,allow_fp32_to_fp16,4,high_performance,standard_l2,是,,81,41,0.5145434088007952,0.3881399408759314,0.999999,0.999,"1,14,27,33,43,47,62,66,76",9,本CSV可行初始L9；极差归一化、样本标准差、Pearson相关,本CSV全部可行配置；FPS越高越好，延迟越低越好,按作者确认的新1000次汇总数据回溯评分；平均延迟由FPS换算；未计算预算,C:\Users\25726\Desktop\论文\应用科学\实验数据\81组实验数据3_实验数据.csv,cb1752ec0c1b3238c318169911593f77c3046c3a2745221c85183192460cb378,FPS与平均批延迟已按公式统一；新1000次逐次记录待补，旧50条序列未用于评分,595.7054466,0.4881852170033022,416.655819,868.2894666,407.864868,876.9566481,0.40043459844885043,6.71472792943,0.17169904076646858,1.41339505215,38.400999747,1.41339505215,39.2286790438,0.8598097827732674,6.889584207,0.17182471980623013,1.4361862,38.99488324,1.422850194,39.57370866,0.8567074442670288,10.03425416,0.16829102242399901,1.503047371,39.13301483,1.503047371,40.92690871,0.7836029627934868
81组实验数据3,41,A2-B2-C2-D2,allow_fp32_to_fp16,4,high_performance,l2_with_tiling,是,,81,42,0.500931853992954,0.40175149568377255,0.999999,0.999,"1,14,27,33,43,47,62,66,76",9,本CSV可行初始L9；极差归一化、样本标准差、Pearson相关,本CSV全部可行配置；FPS越高越好，延迟越低越好,按作者确认的新1000次汇总数据回溯评分；平均延迟由FPS换算；未计算预算,C:\Users\25726\Desktop\论文\应用科学\实验数据\81组实验数据3_实验数据.csv,cb1752ec0c1b3238c318169911593f77c3046c3a2745221c85183192460cb378,FPS与平均批延迟已按公式统一；新1000次逐次记录待补，旧50条序列未用于评分,587.9962831,0.4881852170033022,416.655819,868.2894666,407.864868,876.9566481,0.3840003656887784,6.80276409047,0.17169904076646858,1.41339505215,38.400999747,1.41339505215,39.2286790438,0.857481725127067,6.757889157,0.17182471980623013,1.4361862,38.99488324,1.422850194,39.57370866,0.860159399355205,11.71680015,0.16829102242399901,1.503047371,39.13301483,1.503047371,40.92690871,0.7409245966250378
81组实验数据3,39,A2-B2-C1-D3,allow_fp32_to_fp16,4,high_precision,l2_single_stream,是,,81,43,0.49879875566208215,0.40388459401464444,0.999999,0.999,"1,14,27,33,43,47,62,66,76",9,本CSV可行初始L9；极差归一化、样本标准差、Pearson相关,本CSV全部可行配置；FPS越高越好，延迟越低越好,按作者确认的新1000次汇总数据回溯评分；平均延迟由FPS换算；未计算预算,C:\Users\25726\Desktop\论文\应用科学\实验数据\81组实验数据3_实验数据.csv,cb1752ec0c1b3238c318169911593f77c3046c3a2745221c85183192460cb378,FPS与平均批延迟已按公式统一；新1000次逐次记录待补，旧50条序列未用于评分,584.5999803,0.4881852170033022,416.655819,868.2894666,407.864868,876.9566481,0.37676019874474015,6.84228555387,0.17169904076646858,1.41339505215,38.400999747,1.41339505215,39.2286790438,0.8564366063489367,6.856914404,0.17182471980623013,1.4361862,38.99488324,1.422850194,39.57370866,0.8575637763212371,10.28592841,0.16829102242399901,1.503047371,39.13301483,1.503047371,40.92690871,0.7772191576193591
81组实验数据3,28,A2-B1-C1-D1,allow_fp32_to_fp16,1,high_precision,standard_l2,是,,81,44,0.4923709146614319,0.4103124350152947,0.999999,0.999,"1,14,27,33,43,47,62,66,76",9,本CSV可行初始L9；极差归一化、样本标准差、Pearson相关,本CSV全部可行配置；FPS越高越好，延迟越低越好,按作者确认的新1000次汇总数据回溯评分；平均延迟由FPS换算；未计算预算,C:\Users\25726\Desktop\论文\应用科学\实验数据\81组实验数据3_实验数据.csv,cb1752ec0c1b3238c318169911593f77c3046c3a2745221c85183192460cb378,FPS与平均批延迟已按公式统一；新1000次逐次记录待补，旧50条序列未用于评分,553.7867096,0.4881852170033022,416.655819,868.2894666,407.864868,876.9566481,0.31107311573204854,1.80574936643,0.17169904076646858,1.41339505215,38.400999747,1.41339505215,39.2286790438,0.9896244514687068,1.834002777,0.17182471980623013,1.4361862,38.99488324,1.422850194,39.57370866,0.989222979520463,3.401794509,0.16829102242399901,1.503047371,39.13301483,1.503047371,40.92690871,0.9518376162681541
81组实验数据3,35,A2-B1-C3-D2,allow_fp32_to_fp16,1,high_performance_for_all,l2_with_tiling,是,,81,45,0.4919638319211778,0.41071951775554877,0.999999,0.999,"1,14,27,33,43,47,62,66,76",9,本CSV可行初始L9；极差归一化、样本标准差、Pearson相关,本CSV全部可行配置；FPS越高越好，延迟越低越好,按作者确认的新1000次汇总数据回溯评分；平均延迟由FPS换算；未计算预算,C:\Users\25726\Desktop\论文\应用科学\实验数据\81组实验数据3_实验数据.csv,cb1752ec0c1b3238c318169911593f77c3046c3a2745221c85183192460cb378,FPS与平均批延迟已按公式统一；新1000次逐次记录待补，旧50条序列未用于评分,552.7017168,0.4881852170033022,416.655819,868.2894666,407.864868,876.9566481,0.3087601508794802,1.80929418094,0.17169904076646858,1.41339505215,38.400999747,1.41339505215,39.2286790438,0.9895307112098531,1.805790966,0.17182471980623013,1.4361862,38.99488324,1.422850194,39.57370866,0.9899624598921862,2.933771683,0.16829102242399901,1.503047371,39.13301483,1.503047371,40.92690871,0.9637091785683444
81组实验数据3,2,A1-B1-C1-D2,force_fp32,1,high_precision,l2_with_tiling,是,,81,46,0.41923436521681817,0.4834489844599084,1,0.999,"1,14,27,33,43,47,62,66,76",9,本CSV可行初始L9；极差归一化、样本标准差、Pearson相关,本CSV全部可行配置；FPS越高越好，延迟越低越好,按作者确认的新1000次汇总数据回溯评分；平均延迟由FPS换算；未计算预算,C:\Users\25726\Desktop\论文\应用科学\实验数据\81组实验数据3_实验数据.csv,cb1752ec0c1b3238c318169911593f77c3046c3a2745221c85183192460cb378,FPS与平均批延迟已按公式统一；新1000次逐次记录待补，旧50条序列未用于评分,478.5229088,0.4881852170033022,416.655819,868.2894666,407.864868,876.9566481,0.15062732667141862,2.0897641087,0.17169904076646858,1.41339505215,38.400999747,1.41339505215,39.2286790438,0.9821138707645473,2.135899149,0.17182471980623013,1.4361862,38.99488324,1.422850194,39.57370866,0.9813097533405318,2.195637099,0.16829102242399901,1.503047371,39.13301483,1.503047371,40.92690871,0.9824322198669349
81组实验数据3,4,A1-B1-C2-D1,force_fp32,1,high_performance,standard_l2,是,,81,47,0.41875652257097146,0.48392682710575513,1,0.999,"1,14,27,33,43,47,62,66,76",9,本CSV可行初始L9；极差归一化、样本标准差、Pearson相关,本CSV全部可行配置；FPS越高越好，延迟越低越好,按作者确认的新1000次汇总数据回溯评分；平均延迟由FPS换算；未计算预算,C:\Users\25726\Desktop\论文\应用科学\实验数据\81组实验数据3_实验数据.csv,cb1752ec0c1b3238c318169911593f77c3046c3a2745221c85183192460cb378,FPS与平均批延迟已按公式统一；新1000次逐次记录待补，旧50条序列未用于评分,477.9323859,0.4881852170033022,416.655819,868.2894666,407.864868,876.9566481,0.14936846236159398,2.09234617595,0.17169904076646858,1.41339505215,38.400999747,1.41339505215,39.2286790438,0.98204558971579,2.130117652,0.17182471980623013,1.4361862,38.99488324,1.422850194,39.57370866,0.9814612963786826,2.19650435,0.16829102242399901,1.503047371,39.13301483,1.503047371,40.92690871,0.9824102217426887
81组实验数据3,3,A1-B1-C1-D3,force_fp32,1,high_precision,l2_single_stream,是,,81,48,0.41824687546443484,0.48443647421229175,1,0.999,"1,14,27,33,43,47,62,66,76",9,本CSV可行初始L9；极差归一化、样本标准差、Pearson相关,本CSV全部可行配置；FPS越高越好，延迟越低越好,按作者确认的新1000次汇总数据回溯评分；平均延迟由FPS换算；未计算预算,C:\Users\25726\Desktop\论文\应用科学\实验数据\81组实验数据3_实验数据.csv,cb1752ec0c1b3238c318169911593f77c3046c3a2745221c85183192460cb378,FPS与平均批延迟已按公式统一；新1000次逐次记录待补，旧50条序列未用于评分,477.3402998,0.4881852170033022,416.655819,868.2894666,407.864868,876.9566481,0.14810626565485627,2.0949414923,0.17169904076646858,1.41339505215,38.400999747,1.41339505215,39.2286790438,0.9819769583034074,2.125248666,0.17182471980623013,1.4361862,38.99488324,1.422850194,39.57370866,0.9815889209249125,2.21295586,0.16829102242399901,1.503047371,39.13301483,1.503047371,40.92690871,0.9819929234507092
81组实验数据3,5,A1-B1-C2-D2,force_fp32,1,high_performance,l2_with_tiling,是,,81,49,0.41767115790707104,0.48501219176965554,1,0.999,"1,14,27,33,43,47,62,66,76",9,本CSV可行初始L9；极差归一化、样本标准差、Pearson相关,本CSV全部可行配置；FPS越高越好，延迟越低越好,按作者确认的新1000次汇总数据回溯评分；平均延迟由FPS换算；未计算预算,C:\Users\25726\Desktop\论文\应用科学\实验数据\81组实验数据3_实验数据.csv,cb1752ec0c1b3238c318169911593f77c3046c3a2745221c85183192460cb378,FPS与平均批延迟已按公式统一；新1000次逐次记录待补，旧50条序列未用于评分,476.5991266,0.4881852170033022,416.655819,868.2894666,407.864868,876.9566481,0.14652624820103935,2.09819939691,0.17169904076646858,1.41339505215,38.400999747,1.41339505215,39.2286790438,0.9818908051857759,2.122683407,0.17182471980623013,1.4361862,38.99488324,1.422850194,39.57370866,0.9816561608011077,2.198777494,0.16829102242399901,1.503047371,39.13301483,1.503047371,40.92690871,0.9823525626519046
81组实验数据3,6,A1-B1-C2-D3,force_fp32,1,high_performance,l2_single_stream,是,,81,50,0.41733632158419504,0.48534702809253155,1,0.999,"1,14,27,33,43,47,62,66,76",9,本CSV可行初始L9；极差归一化、样本标准差、Pearson相关,本CSV全部可行配置；FPS越高越好，延迟越低越好,按作者确认的新1000次汇总数据回溯评分；平均延迟由FPS换算；未计算预算,C:\Users\25726\Desktop\论文\应用科学\实验数据\81组实验数据3_实验数据.csv,cb1752ec0c1b3238c318169911593f77c3046c3a2745221c85183192460cb378,FPS与平均批延迟已按公式统一；新1000次逐次记录待补，旧50条序列未用于评分,476.2646756,0.4881852170033022,416.655819,868.2894666,407.864868,876.9566481,0.14581327258690963,2.09967283158,0.17169904076646858,1.41339505215,38.400999747,1.41339505215,39.2286790438,0.9818518411872422,2.14867462,0.17182471980623013,1.4361862,38.99488324,1.422850194,39.57370866,0.9809748861445188,2.2022499,0.16829102242399901,1.503047371,39.13301483,1.503047371,40.92690871,0.9822644838620027
81组实验数据3,8,A1-B1-C3-D2,force_fp32,1,high_performance_for_all,l2_with_tiling,是,,81,51,0.4173353004584452,0.4853480492182814,1,0.999,"1,14,27,33,43,47,62,66,76",9,本CSV可行初始L9；极差归一化、样本标准差、Pearson相关,本CSV全部可行配置；FPS越高越好，延迟越低越好,按作者确认的新1000次汇总数据回溯评分；平均延迟由FPS换算；未计算预算,C:\Users\25726\Desktop\论文\应用科学\实验数据\81组实验数据3_实验数据.csv,cb1752ec0c1b3238c318169911593f77c3046c3a2745221c85183192460cb378,FPS与平均批延迟已按公式统一；新1000次逐次记录待补，旧50条序列未用于评分,476.2036156,0.4881852170033022,416.655819,868.2894666,407.864868,876.9566481,0.14568310616193628,2.0999420568,0.17169904076646858,1.41339505215,38.400999747,1.41339505215,39.2286790438,0.9818447217056047,2.12182003,0.17182471980623013,1.4361862,38.99488324,1.422850194,39.57370866,0.9816787914058888,2.20596101,0.16829102242399901,1.503047371,39.13301483,1.503047371,40.92690871,0.982170350261844
81组实验数据3,1,A1-B1-C1-D1,force_fp32,1,high_precision,standard_l2,是,,81,52,0.4172627086458301,0.4854206410308965,1,0.999,"1,14,27,33,43,47,62,66,76",9,本CSV可行初始L9；极差归一化、样本标准差、Pearson相关,本CSV全部可行配置；FPS越高越好，延迟越低越好,按作者确认的新1000次汇总数据回溯评分；平均延迟由FPS换算；未计算预算,C:\Users\25726\Desktop\论文\应用科学\实验数据\81组实验数据3_实验数据.csv,cb1752ec0c1b3238c318169911593f77c3046c3a2745221c85183192460cb378,FPS与平均批延迟已按公式统一；新1000次逐次记录待补，旧50条序列未用于评分,476.1721785,0.4881852170033022,416.655819,868.2894666,407.864868,876.9566481,0.1456160892127301,2.10008069592,0.17169904076646858,1.41339505215,38.400999747,1.41339505215,39.2286790438,0.9818410554864105,2.148750019,0.17182471980623013,1.4361862,38.99488324,1.422850194,39.57370866,0.9809729098062913,2.201125397,0.16829102242399901,1.503047371,39.13301483,1.503047371,40.92690871,0.9822930072729982
81组实验数据3,9,A1-B1-C3-D3,force_fp32,1,high_performance_for_all,l2_single_stream,是,,81,53,0.4170795548548012,0.4856037948219254,1,0.999,"1,14,27,33,43,47,62,66,76",9,本CSV可行初始L9；极差归一化、样本标准差、Pearson相关,本CSV全部可行配置；FPS越高越好，延迟越低越好,按作者确认的新1000次汇总数据回溯评分；平均延迟由FPS换算；未计算预算,C:\Users\25726\Desktop\论文\应用科学\实验数据\81组实验数据3_实验数据.csv,cb1752ec0c1b3238c318169911593f77c3046c3a2745221c85183192460cb378,FPS与平均批延迟已按公式统一；新1000次逐次记录待补，旧50条序列未用于评分,475.9063425,0.4881852170033022,416.655819,868.2894666,407.864868,876.9566481,0.1450493856138239,2.10125377768,0.17169904076646858,1.41339505215,38.400999747,1.41339505215,39.2286790438,0.9818100341205453,2.139721924,0.17182471980623013,1.4361862,38.99488324,1.422850194,39.57370866,0.9812095517945193,2.193325587,0.16829102242399901,1.503047371,39.13301483,1.503047371,40.92690871,0.9824908521754275
81组实验数据3,7,A1-B1-C3-D1,force_fp32,1,high_performance_for_all,standard_l2,是,,81,54,0.4051099781427695,0.4975733715339571,1,0.999,"1,14,27,33,43,47,62,66,76",9,本CSV可行初始L9；极差归一化、样本标准差、Pearson相关,本CSV全部可行配置；FPS越高越好，延迟越低越好,按作者确认的新1000次汇总数据回溯评分；平均延迟由FPS换算；未计算预算,C:\Users\25726\Desktop\论文\应用科学\实验数据\81组实验数据3_实验数据.csv,cb1752ec0c1b3238c318169911593f77c3046c3a2745221c85183192460cb378,FPS与平均批延迟已按公式统一；新1000次逐次记录待补，旧50条序列未用于评分,464.1140199,0.4881852170033022,416.655819,868.2894666,407.864868,876.9566481,0.11991076008197998,2.1546429479,0.17169904076646858,1.41339505215,38.400999747,1.41339505215,39.2286790438,0.980398193071519,2.207039644,0.17182471980623013,1.4361862,38.99488324,1.422850194,39.57370866,0.9794450378960969,3.472667179,0.16829102242399901,1.503047371,39.13301483,1.503047371,40.92690871,0.9500399062622626
81组实验数据3,13,A1-B2-C2-D1,force_fp32,4,high_performance,standard_l2,是,,81,55,0.36156378356100544,0.5411195661157211,0.999999,0.999,"1,14,27,33,43,47,62,66,76",9,本CSV可行初始L9；极差归一化、样本标准差、Pearson相关,本CSV全部可行配置；FPS越高越好，延迟越低越好,按作者确认的新1000次汇总数据回溯评分；平均延迟由FPS换算；未计算预算,C:\Users\25726\Desktop\论文\应用科学\实验数据\81组实验数据3_实验数据.csv,cb1752ec0c1b3238c318169911593f77c3046c3a2745221c85183192460cb378,FPS与平均批延迟已按公式统一；新1000次逐次记录待补，旧50条序列未用于评分,463.1789906,0.4881852170033022,416.655819,868.2894666,407.864868,876.9566481,0.11791748426759528,8.63597028617,0.17169904076646858,1.41339505215,38.400999747,1.41339505215,39.2286790438,0.8090038082058351,8.796778567,0.17182471980623013,1.4361862,38.99488324,1.422850194,39.57370866,0.8067165807141238,8.917138823,0.16829102242399901,1.503047371,39.13301483,1.503047371,40.92690871,0.8119389831389849
81组实验数据3,16,A1-B2-C3-D1,force_fp32,4,high_performance_for_all,standard_l2,是,,81,56,0.360345265560536,0.5423380841161907,0.999999,0.999,"1,14,27,33,43,47,62,66,76",9,本CSV可行初始L9；极差归一化、样本标准差、Pearson相关,本CSV全部可行配置；FPS越高越好，延迟越低越好,按作者确认的新1000次汇总数据回溯评分；平均延迟由FPS换算；未计算预算,C:\Users\25726\Desktop\论文\应用科学\实验数据\81组实验数据3_实验数据.csv,cb1752ec0c1b3238c318169911593f77c3046c3a2745221c85183192460cb378,FPS与平均批延迟已按公式统一；新1000次逐次记录待补，旧50条序列未用于评分,461.5747219,0.4881852170033022,416.655819,868.2894666,407.864868,876.9566481,0.11449753796272069,8.66598583114,0.17169904076646858,1.41339505215,38.400999747,1.41339505215,39.2286790438,0.8082100671095992,8.815088864,0.17182471980623013,1.4361862,38.99488324,1.422850194,39.57370866,0.8062366361536017,8.856359177,0.16829102242399901,1.503047371,39.13301483,1.503047371,40.92690871,0.8134806800691097
81组实验数据3,15,A1-B2-C2-D3,force_fp32,4,high_performance,l2_single_stream,是,,81,57,0.36014850578633784,0.5425348438903888,0.999999,0.999,"1,14,27,33,43,47,62,66,76",9,本CSV可行初始L9；极差归一化、样本标准差、Pearson相关,本CSV全部可行配置；FPS越高越好，延迟越低越好,按作者确认的新1000次汇总数据回溯评分；平均延迟由FPS换算；未计算预算,C:\Users\25726\Desktop\论文\应用科学\实验数据\81组实验数据3_实验数据.csv,cb1752ec0c1b3238c318169911593f77c3046c3a2745221c85183192460cb378,FPS与平均批延迟已按公式统一；新1000次逐次记录待补，旧50条序列未用于评分,461.2967699,0.4881852170033022,416.655819,868.2894666,407.864868,876.9566481,0.11390500572960266,8.67120747641,0.17169904076646858,1.41339505215,38.400999747,1.41339505215,39.2286790438,0.8080719841780747,8.79748657,0.17182471980623013,1.4361862,38.99488324,1.422850194,39.57370866,0.8066980227306741,8.862701347,0.16829102242399901,1.503047371,39.13301483,1.503047371,40.92690871,0.8133198087139305
81组实验数据3,53,A2-B3-C3-D2,allow_fp32_to_fp16,16,high_performance_for_all,l2_with_tiling,是,,81,58,0.35627511775543547,0.5464082319212911,0.999999,0.999,"1,14,27,33,43,47,62,66,76",9,本CSV可行初始L9；极差归一化、样本标准差、Pearson相关,本CSV全部可行配置；FPS越高越好，延迟越低越好,按作者确认的新1000次汇总数据回溯评分；平均延迟由FPS换算；未计算预算,C:\Users\25726\Desktop\论文\应用科学\实验数据\81组实验数据3_实验数据.csv,cb1752ec0c1b3238c318169911593f77c3046c3a2745221c85183192460cb378,FPS与平均批延迟已按公式统一；新1000次逐次记录待补，旧50条序列未用于评分,581.7116441,0.4881852170033022,416.655819,868.2894666,407.864868,876.9566481,0.37060290432490556,27.5050364941,0.17169904076646858,1.41339505215,38.400999747,1.41339505215,39.2286790438,0.3100239192250599,27.79341793,0.17182471980623013,1.4361862,38.99488324,1.422850194,39.57370866,0.3087817995104509,27.95878108,0.16829102242399901,1.503047371,39.13301483,1.503047371,40.92690871,0.32894108262224675
81组实验数据3,11,A1-B2-C1-D2,force_fp32,4,high_precision,l2_with_tiling,是,,81,59,0.3541861766900863,0.5484971729866404,0.999999,0.999,"1,14,27,33,43,47,62,66,76",9,本CSV可行初始L9；极差归一化、样本标准差、Pearson相关,本CSV全部可行配置；FPS越高越好，延迟越低越好,按作者确认的新1000次汇总数据回溯评分；平均延迟由FPS换算；未计算预算,C:\Users\25726\Desktop\论文\应用科学\实验数据\81组实验数据3_实验数据.csv,cb1752ec0c1b3238c318169911593f77c3046c3a2745221c85183192460cb378,FPS与平均批延迟已按公式统一；新1000次逐次记录待补，旧50条序列未用于评分,463.2184467,0.4881852170033022,416.655819,868.2894666,407.864868,876.9566481,0.11800159595250176,8.63523469002,0.17169904076646858,1.41339505215,38.400999747,1.41339505215,39.2286790438,0.8090232605561112,8.832934708,0.17182471980623013,1.4361862,38.99488324,1.422850194,39.57370866,0.8057688657096967,12.0037065,0.16829102242399901,1.503047371,39.13301483,1.503047371,40.92690871,0.7336471169400082
81组实验数据3,51,A2-B3-C2-D3,allow_fp32_to_fp16,16,high_performance,l2_single_stream,是,,81,60,0.35298128366283943,0.5497020660138872,0.999999,0.999,"1,14,27,33,43,47,62,66,76",9,本CSV可行初始L9；极差归一化、样本标准差、Pearson相关,本CSV全部可行配置；FPS越高越好，延迟越低越好,按作者确认的新1000次汇总数据回溯评分；平均延迟由FPS换算；未计算预算,C:\Users\25726\Desktop\论文\应用科学\实验数据\81组实验数据3_实验数据.csv,cb1752ec0c1b3238c318169911593f77c3046c3a2745221c85183192460cb378,FPS与平均批延迟已按公式统一；新1000次逐次记录待补，旧50条序列未用于评分,580.0001547,0.4881852170033022,416.655819,868.2894666,407.864868,876.9566481,0.3669543871847522,27.5861995386,0.17169904076646858,1.41339505215,38.400999747,1.41339505215,39.2286790438,0.30787761656823154,27.95424732,0.17182471980623013,1.4361862,38.99488324,1.422850194,39.57370866,0.30456618296951954,27.97867464,0.16829102242399901,1.503047371,39.13301483,1.503047371,40.92690871,0.3284364755308983
81组实验数据3,47,A2-B3-C1-D2,allow_fp32_to_fp16,16,high_precision,l2_with_tiling,是,,81,61,0.35287850625960065,0.5498048434171259,0.999999,0.999,"1,14,27,33,43,47,62,66,76",9,本CSV可行初始L9；极差归一化、样本标准差、Pearson相关,本CSV全部可行配置；FPS越高越好，延迟越低越好,按作者确认的新1000次汇总数据回溯评分；平均延迟由FPS换算；未计算预算,C:\Users\25726\Desktop\论文\应用科学\实验数据\81组实验数据3_实验数据.csv,cb1752ec0c1b3238c318169911593f77c3046c3a2745221c85183192460cb378,FPS与平均批延迟已按公式统一；新1000次逐次记录待补，旧50条序列未用于评分,579.8472541,0.4881852170033022,416.655819,868.2894666,407.864868,876.9566481,0.36662843689850444,27.5934737758,0.17169904076646858,1.41339505215,38.400999747,1.41339505215,39.2286790438,0.30768525421015414,27.97879456,0.17182471980623013,1.4361862,38.99488324,1.422850194,39.57370866,0.30392275734328167,27.88015127,0.16829102242399901,1.503047371,39.13301483,1.503047371,40.92690871,0.3309355551911277
81组实验数据3,50,A2-B3-C2-D2,allow_fp32_to_fp16,16,high_performance,l2_with_tiling,是,,81,62,0.3520063955519373,0.5506769541247893,0.999999,0.999,"1,14,27,33,43,47,62,66,76",9,本CSV可行初始L9；极差归一化、样本标准差、Pearson相关,本CSV全部可行配置；FPS越高越好，延迟越低越好,按作者确认的新1000次汇总数据回溯评分；平均延迟由FPS换算；未计算预算,C:\Users\25726\Desktop\论文\应用科学\实验数据\81组实验数据3_实验数据.csv,cb1752ec0c1b3238c318169911593f77c3046c3a2745221c85183192460cb378,FPS与平均批延迟已按公式统一；新1000次逐次记录待补，旧50条序列未用于评分,579.8148005,0.4881852170033022,416.655819,868.2894666,407.864868,876.9566481,0.36655925299595765,27.5950182476,0.17169904076646858,1.41339505215,38.400999747,1.41339505215,39.2286790438,0.3076444116820287,28.03858737,0.17182471980623013,1.4361862,38.99488324,1.422850194,39.57370866,0.3023554843537817,28.20192597,0.16829102242399901,1.503047371,39.13301483,1.503047371,40.92690871,0.32277362764087814
81组实验数据3,12,A1-B2-C1-D3,force_fp32,4,high_precision,l2_single_stream,是,,81,63,0.35071971523672235,0.5519636344400043,0.999999,0.999,"1,14,27,33,43,47,62,66,76",9,本CSV可行初始L9；极差归一化、样本标准差、Pearson相关,本CSV全部可行配置；FPS越高越好，延迟越低越好,按作者确认的新1000次汇总数据回溯评分；平均延迟由FPS换算；未计算预算,C:\Users\25726\Desktop\论文\应用科学\实验数据\81组实验数据3_实验数据.csv,cb1752ec0c1b3238c318169911593f77c3046c3a2745221c85183192460cb378,FPS与平均批延迟已按公式统一；新1000次逐次记录待补，旧50条序列未用于评分,457.3627368,0.4881852170033022,416.655819,868.2894666,407.864868,876.9566481,0.10551851663111243,8.74579338926,0.17169904076646858,1.41339505215,38.400999747,1.41339505215,39.2286790438,0.8060996093873295,8.841679672,0.17182471980623013,1.4361862,38.99488324,1.422850194,39.57370866,0.8055396450747851,11.43990345,0.16829102242399901,1.503047371,39.13301483,1.503047371,40.92690871,0.7479481780449045
81组实验数据3,54,A2-B3-C3-D3,allow_fp32_to_fp16,16,high_performance_for_all,l2_single_stream,是,,81,64,0.34956258933569223,0.5531207603410344,0.999999,0.999,"1,14,27,33,43,47,62,66,76",9,本CSV可行初始L9；极差归一化、样本标准差、Pearson相关,本CSV全部可行配置；FPS越高越好，延迟越低越好,按作者确认的新1000次汇总数据回溯评分；平均延迟由FPS换算；未计算预算,C:\Users\25726\Desktop\论文\应用科学\实验数据\81组实验数据3_实验数据.csv,cb1752ec0c1b3238c318169911593f77c3046c3a2745221c85183192460cb378,FPS与平均批延迟已按公式统一；新1000次逐次记录待补，旧50条序列未用于评分,580.2059451,0.4881852170033022,416.655819,868.2894666,407.864868,876.9566481,0.3673930868352898,27.5764151249,0.17169904076646858,1.41339505215,38.400999747,1.41339505215,39.2286790438,0.3081363588720619,27.72165309,0.17182471980623013,1.4361862,38.99488324,1.422850194,39.57370866,0.31066288011743004,30.06267279,0.16829102242399901,1.503047371,39.13301483,1.503047371,40.92690871,0.2755751352354867
81组实验数据3,10,A1-B2-C1-D1,force_fp32,4,high_precision,standard_l2,是,,81,65,0.3482804943337162,0.5544028553430104,0.999999,0.999,"1,14,27,33,43,47,62,66,76",9,本CSV可行初始L9；极差归一化、样本标准差、Pearson相关,本CSV全部可行配置；FPS越高越好，延迟越低越好,按作者确认的新1000次汇总数据回溯评分；平均延迟由FPS换算；未计算预算,C:\Users\25726\Desktop\论文\应用科学\实验数据\81组实验数据3_实验数据.csv,cb1752ec0c1b3238c318169911593f77c3046c3a2745221c85183192460cb378,FPS与平均批延迟已按公式统一；新1000次逐次记录待补，旧50条序列未用于评分,455.9415387,0.4881852170033022,416.655819,868.2894666,407.864868,876.9566481,0.1024888363845368,8.77305457056,0.17169904076646858,1.41339505215,38.400999747,1.41339505215,39.2286790438,0.8053787056039275,8.80579998,0.17182471980623013,1.4361862,38.99488324,1.422850194,39.57370866,0.8064801138726754,12.03598044,0.16829102242399901,1.503047371,39.13301483,1.503047371,40.92690871,0.7328284771897696
81组实验数据3,14,A1-B2-C2-D2,force_fp32,4,high_performance,l2_with_tiling,是,,81,66,0.3480368839443558,0.5546464657323709,0.999999,0.999,"1,14,27,33,43,47,62,66,76",9,本CSV可行初始L9；极差归一化、样本标准差、Pearson相关,本CSV全部可行配置；FPS越高越好，延迟越低越好,按作者确认的新1000次汇总数据回溯评分；平均延迟由FPS换算；未计算预算,C:\Users\25726\Desktop\论文\应用科学\实验数据\81组实验数据3_实验数据.csv,cb1752ec0c1b3238c318169911593f77c3046c3a2745221c85183192460cb378,FPS与平均批延迟已按公式统一；新1000次逐次记录待补，旧50条序列未用于评分,455.2582581,0.4881852170033022,416.655819,868.2894666,407.864868,876.9566481,0.1010322331589284,8.78622172982,0.17169904076646858,1.41339505215,38.400999747,1.41339505215,39.2286790438,0.8050305088466876,8.82873571,0.17182471980623013,1.4361862,38.99488324,1.422850194,39.57370866,0.8058789287113914,11.88443381,0.16829102242399901,1.503047371,39.13301483,1.503047371,40.92690871,0.7366725103426075
81组实验数据3,17,A1-B2-C3-D2,force_fp32,4,high_performance_for_all,l2_with_tiling,是,,81,67,0.3454698793029563,0.5572134703737703,0.999999,0.999,"1,14,27,33,43,47,62,66,76",9,本CSV可行初始L9；极差归一化、样本标准差、Pearson相关,本CSV全部可行配置；FPS越高越好，延迟越低越好,按作者确认的新1000次汇总数据回溯评分；平均延迟由FPS换算；未计算预算,C:\Users\25726\Desktop\论文\应用科学\实验数据\81组实验数据3_实验数据.csv,cb1752ec0c1b3238c318169911593f77c3046c3a2745221c85183192460cb378,FPS与平均批延迟已按公式统一；新1000次逐次记录待补，旧50条序列未用于评分,454.8545192,0.4881852170033022,416.655819,868.2894666,407.864868,876.9566481,0.10017155105549465,8.79402057395,0.17169904076646858,1.41339505215,38.400999747,1.41339505215,39.2286790438,0.8048242736077371,8.818347966,0.17182471980623013,1.4361862,38.99488324,1.422850194,39.57370866,0.8061512094520531,12.8540592,0.16829102242399901,1.503047371,39.13301483,1.503047371,40.92690871,0.7120776239700541
81组实验数据3,52,A2-B3-C3-D1,allow_fp32_to_fp16,16,high_performance_for_all,standard_l2,是,,81,68,0.34441419662971,0.5582691530470165,0.999999,0.999,"1,14,27,33,43,47,62,66,76",9,本CSV可行初始L9；极差归一化、样本标准差、Pearson相关,本CSV全部可行配置；FPS越高越好，延迟越低越好,按作者确认的新1000次汇总数据回溯评分；平均延迟由FPS换算；未计算预算,C:\Users\25726\Desktop\论文\应用科学\实验数据\81组实验数据3_实验数据.csv,cb1752ec0c1b3238c318169911593f77c3046c3a2745221c85183192460cb378,FPS与平均批延迟已按公式统一；新1000次逐次记录待补，旧50条序列未用于评分,576.9757108,0.4881852170033022,416.655819,868.2894666,407.864868,876.9566481,0.36050694123002813,27.7308033952,0.17169904076646858,1.41339505215,38.400999747,1.41339505215,39.2286790438,0.3040536638873015,27.96580064,0.17182471980623013,1.4361862,38.99488324,1.422850194,39.57370866,0.3042633504654936,29.62241441,0.16829102242399901,1.503047371,39.13301483,1.503047371,40.92690871,0.2867424426743568
81组实验数据3,46,A2-B3-C1-D1,allow_fp32_to_fp16,16,high_precision,standard_l2,是,,81,69,0.3438422241096295,0.5588411255670971,0.999999,0.999,"1,14,27,33,43,47,62,66,76",9,本CSV可行初始L9；极差归一化、样本标准差、Pearson相关,本CSV全部可行配置；FPS越高越好，延迟越低越好,按作者确认的新1000次汇总数据回溯评分；平均延迟由FPS换算；未计算预算,C:\Users\25726\Desktop\论文\应用科学\实验数据\81组实验数据3_实验数据.csv,cb1752ec0c1b3238c318169911593f77c3046c3a2745221c85183192460cb378,FPS与平均批延迟已按公式统一；新1000次逐次记录待补，旧50条序列未用于评分,575.1124564,0.4881852170033022,416.655819,868.2894666,407.864868,876.9566481,0.3565348946518452,27.8206458962,0.17169904076646858,1.41339505215,38.400999747,1.41339505215,39.2286790438,0.3016778387838899,28.11041503,0.17182471980623013,1.4361862,38.99488324,1.422850194,39.57370866,0.30047275712592614,28.22316354,0.16829102242399901,1.503047371,39.13301483,1.503047371,40.92690871,0.32223492926688124
81组实验数据3,18,A1-B2-C3-D3,force_fp32,4,high_performance_for_all,l2_single_stream,是,,81,70,0.3407172628055576,0.561966086871169,0.999999,0.999,"1,14,27,33,43,47,62,66,76",9,本CSV可行初始L9；极差归一化、样本标准差、Pearson相关,本CSV全部可行配置；FPS越高越好，延迟越低越好,按作者确认的新1000次汇总数据回溯评分；平均延迟由FPS换算；未计算预算,C:\Users\25726\Desktop\论文\应用科学\实验数据\81组实验数据3_实验数据.csv,cb1752ec0c1b3238c318169911593f77c3046c3a2745221c85183192460cb378,FPS与平均批延迟已按公式统一；新1000次逐次记录待补，旧50条序列未用于评分,449.5481283,0.4881852170033022,416.655819,868.2894666,407.864868,876.9566481,0.08885949843570914,8.89782372163,0.17169904076646858,1.41339505215,38.400999747,1.41339505215,39.2286790438,0.8020792685007301,8.869181796,0.17182471980623013,1.4361862,38.99488324,1.422850194,39.57370866,0.8048187668270648,13.07804158,0.16829102242399901,1.503047371,39.13301483,1.503047371,40.92690871,0.7063962327416808
81组实验数据3,49,A2-B3-C2-D1,allow_fp32_to_fp16,16,high_performance,standard_l2,是,,81,71,0.33693555529659075,0.5657477943801359,0.999999,0.999,"1,14,27,33,43,47,62,66,76",9,本CSV可行初始L9；极差归一化、样本标准差、Pearson相关,本CSV全部可行配置；FPS越高越好，延迟越低越好,按作者确认的新1000次汇总数据回溯评分；平均延迟由FPS换算；未计算预算,C:\Users\25726\Desktop\论文\应用科学\实验数据\81组实验数据3_实验数据.csv,cb1752ec0c1b3238c318169911593f77c3046c3a2745221c85183192460cb378,FPS与平均批延迟已按公式统一；新1000次逐次记录待补，旧50条序列未用于评分,571.6319154,0.4881852170033022,416.655819,868.2894666,407.864868,876.9566481,0.34911515048310693,27.9900396898,0.17169904076646858,1.41339505215,38.400999747,1.41339505215,39.2286790438,0.2971983327292109,28.37672782,0.17182471980623013,1.4361862,38.99488324,1.422850194,39.57370866,0.29349223818852566,28.41903749,0.16829102242399901,1.503047371,39.13301483,1.503047371,40.92690871,0.31726651817402285
81组实验数据3,48,A2-B3-C1-D3,allow_fp32_to_fp16,16,high_precision,l2_single_stream,是,,81,72,0.3338825594745438,0.5688007902021828,0.999999,0.999,"1,14,27,33,43,47,62,66,76",9,本CSV可行初始L9；极差归一化、样本标准差、Pearson相关,本CSV全部可行配置；FPS越高越好，延迟越低越好,按作者确认的新1000次汇总数据回溯评分；平均延迟由FPS换算；未计算预算,C:\Users\25726\Desktop\论文\应用科学\实验数据\81组实验数据3_实验数据.csv,cb1752ec0c1b3238c318169911593f77c3046c3a2745221c85183192460cb378,FPS与平均批延迟已按公式统一；新1000次逐次记录待补，旧50条序列未用于评分,570.1325916,0.4881852170033022,416.655819,868.2894666,407.864868,876.9566481,0.3459189235108917,28.0636473616,0.17169904076646858,1.41339505215,38.400999747,1.41339505215,39.2286790438,0.29525182687151974,28.43919721,0.17182471980623013,1.4361862,38.99488324,1.422850194,39.57370866,0.2918548074068389,28.59339587,0.16829102242399901,1.503047371,39.13301483,1.503047371,40.92690871,0.31284385702217077
81组实验数据3,20,A1-B3-C1-D2,force_fp32,16,high_precision,l2_with_tiling,是,,81,73,0.024177732991109497,0.8785056166856171,1,0.999,"1,14,27,33,43,47,62,66,76",9,本CSV可行初始L9；极差归一化、样本标准差、Pearson相关,本CSV全部可行配置；FPS越高越好，延迟越低越好,按作者确认的新1000次汇总数据回溯评分；平均延迟由FPS换算；未计算预算,C:\Users\25726\Desktop\论文\应用科学\实验数据\81组实验数据3_实验数据.csv,cb1752ec0c1b3238c318169911593f77c3046c3a2745221c85183192460cb378,FPS与平均批延迟已按公式统一；新1000次逐次记录待补，旧50条序列未用于评分,416.7288186,0.4881852170033022,416.655819,868.2894666,407.864868,876.9566481,0.018895983634823893,38.3942729321,0.17169904076646858,1.41339505215,38.400999747,1.41339505215,39.2286790438,0.02206531390546329,38.68884663,0.17182471980623013,1.4361862,38.99488324,1.422850194,39.57370866,0.023193764585627608,38.88827423,0.16829102242399901,1.503047371,39.13301483,1.503047371,40.92690871,0.05171067497600201
81组实验数据3,27,A1-B3-C3-D3,force_fp32,16,high_performance_for_all,l2_single_stream,是,,81,74,0.02235934507335436,0.8803240046033722,1,0.999,"1,14,27,33,43,47,62,66,76",9,本CSV可行初始L9；极差归一化、样本标准差、Pearson相关,本CSV全部可行配置；FPS越高越好，延迟越低越好,按作者确认的新1000次汇总数据回溯评分；平均延迟由FPS换算；未计算预算,C:\Users\25726\Desktop\论文\应用科学\实验数据\81组实验数据3_实验数据.csv,cb1752ec0c1b3238c318169911593f77c3046c3a2745221c85183192460cb378,FPS与平均批延迟已按公式统一；新1000次逐次记录待补，旧50条序列未用于评分,416.655819,0.4881852170033022,416.655819,868.2894666,407.864868,876.9566481,0.018740364621452052,38.400999747,0.17169904076646858,1.41339505215,38.400999747,1.41339505215,39.2286790438,0.02188742776552355,38.99488324,0.17182471980623013,1.4361862,38.99488324,1.422850194,39.57370866,0.015172015605254274,39.13301483,0.16829102242399901,1.503047371,39.13301483,1.503047371,40.92690871,0.04550274425365308
81组实验数据3,24,A1-B3-C2-D3,force_fp32,16,high_performance,l2_single_stream,是,,81,75,0.022303461865233732,0.8803798878114929,1,0.999,"1,14,27,33,43,47,62,66,76",9,本CSV可行初始L9；极差归一化、样本标准差、Pearson相关,本CSV全部可行配置；FPS越高越好，延迟越低越好,按作者确认的新1000次汇总数据回溯评分；平均延迟由FPS换算；未计算预算,C:\Users\25726\Desktop\论文\应用科学\实验数据\81组实验数据3_实验数据.csv,cb1752ec0c1b3238c318169911593f77c3046c3a2745221c85183192460cb378,FPS与平均批延迟已按公式统一；新1000次逐次记录待补，旧50条序列未用于评分,415.7784369,0.4881852170033022,416.655819,868.2894666,407.864868,876.9566481,0.016869979896712267,38.4820341317,0.17169904076646858,1.41339505215,38.400999747,1.41339505215,39.2286790438,0.01974452743141819,38.85200238,0.17182471980623013,1.4361862,38.99488324,1.422850194,39.57370866,0.018917170124577498,38.92810202,0.16829102242399901,1.503047371,39.13301483,1.503047371,40.92690871,0.05070042918456308
81组实验数据3,19,A1-B3-C1-D1,force_fp32,16,high_precision,standard_l2,是,,81,76,0.020244518776614682,0.8824388309001119,1,0.999,"1,14,27,33,43,47,62,66,76",9,本CSV可行初始L9；极差归一化、样本标准差、Pearson相关,本CSV全部可行配置；FPS越高越好，延迟越低越好,按作者确认的新1000次汇总数据回溯评分；平均延迟由FPS换算；未计算预算,C:\Users\25726\Desktop\论文\应用科学\实验数据\81组实验数据3_实验数据.csv,cb1752ec0c1b3238c318169911593f77c3046c3a2745221c85183192460cb378,FPS与平均批延迟已按公式统一；新1000次逐次记录待补，旧50条序列未用于评分,415.3969471,0.4881852170033022,416.655819,868.2894666,407.864868,876.9566481,0.016056727957147965,38.5173750354,0.17169904076646858,1.41339505215,38.400999747,1.41339505215,39.2286790438,0.018809960770281742,39.11659846,0.17182471980623013,1.4361862,38.99488324,1.422850194,39.57370866,0.011981649126123317,39.14522501,0.16829102242399901,1.503047371,39.13301483,1.503047371,40.92690871,0.04519302877715514
81组实验数据3,23,A1-B3-C2-D2,force_fp32,16,high_performance,l2_with_tiling,是,,81,77,0.02020105493089636,0.8824822947458302,1,0.999,"1,14,27,33,43,47,62,66,76",9,本CSV可行初始L9；极差归一化、样本标准差、Pearson相关,本CSV全部可行配置；FPS越高越好，延迟越低越好,按作者确认的新1000次汇总数据回溯评分；平均延迟由FPS换算；未计算预算,C:\Users\25726\Desktop\论文\应用科学\实验数据\81组实验数据3_实验数据.csv,cb1752ec0c1b3238c318169911593f77c3046c3a2745221c85183192460cb378,FPS与平均批延迟已按公式统一；新1000次逐次记录待补，旧50条序列未用于评分,415.2104009,0.4881852170033022,416.655819,868.2894666,407.864868,876.9566481,0.015659052687800493,38.5346801653,0.17169904076646858,1.41339505215,38.400999747,1.41339505215,39.2286790438,0.018352338135375068,39.01287523,0.17182471980623013,1.4361862,38.99488324,1.422850194,39.57370866,0.014700414421861985,39.13302006,0.16829102242399901,1.503047371,39.13301483,1.503047371,40.92690871,0.04550261159287805
81组实验数据3,22,A1-B3-C2-D1,force_fp32,16,high_performance,standard_l2,是,,81,78,0.017443486422954034,0.8852398632537726,1,0.999,"1,14,27,33,43,47,62,66,76",9,本CSV可行初始L9；极差归一化、样本标准差、Pearson相关,本CSV全部可行配置；FPS越高越好，延迟越低越好,按作者确认的新1000次汇总数据回溯评分；平均延迟由FPS换算；未计算预算,C:\Users\25726\Desktop\论文\应用科学\实验数据\81组实验数据3_实验数据.csv,cb1752ec0c1b3238c318169911593f77c3046c3a2745221c85183192460cb378,FPS与平均批延迟已按公式统一；新1000次逐次记录待补，旧50条序列未用于评分,412.6905934,0.4881852170033022,416.655819,868.2894666,407.864868,876.9566481,0.010287380006896031,38.7699653345,0.17169904076646858,1.41339505215,38.400999747,1.41339505215,39.2286790438,0.012130378536924113,39.05148305,0.17182471980623013,1.4361862,38.99488324,1.422850194,39.57370866,0.013688436669528903,39.04264119,0.16829102242399901,1.503047371,39.13301483,1.503047371,40.92690871,0.04779510316854718
81组实验数据3,25,A1-B3-C3-D1,force_fp32,16,high_performance_for_all,standard_l2,是,,81,79,0.014229683027231233,0.8884536666494953,1,0.999,"1,14,27,33,43,47,62,66,76",9,本CSV可行初始L9；极差归一化、样本标准差、Pearson相关,本CSV全部可行配置；FPS越高越好，延迟越低越好,按作者确认的新1000次汇总数据回溯评分；平均延迟由FPS换算；未计算预算,C:\Users\25726\Desktop\论文\应用科学\实验数据\81组实验数据3_实验数据.csv,cb1752ec0c1b3238c318169911593f77c3046c3a2745221c85183192460cb378,FPS与平均批延迟已按公式统一；新1000次逐次记录待补，旧50条序列未用于评分,414.8504351,0.4881852170033022,416.655819,868.2894666,407.864868,876.9566481,0.014891685159161937,38.5681167145,0.17169904076646858,1.41339505215,38.400999747,1.41339505215,39.2286790438,0.017468130860682107,39.11959121,0.17182471980623013,1.4361862,38.99488324,1.422850194,39.57370866,0.011903203971273868,40.92690871,0.16829102242399901,1.503047371,39.13301483,1.503047371,40.92690871,0.0
81组实验数据3,21,A1-B3-C1-D3,force_fp32,16,high_precision,l2_single_stream,是,,81,80,0.014148467009724565,0.888534882667002,1,0.999,"1,14,27,33,43,47,62,66,76",9,本CSV可行初始L9；极差归一化、样本标准差、Pearson相关,本CSV全部可行配置；FPS越高越好，延迟越低越好,按作者确认的新1000次汇总数据回溯评分；平均延迟由FPS换算；未计算预算,C:\Users\25726\Desktop\论文\应用科学\实验数据\81组实验数据3_实验数据.csv,cb1752ec0c1b3238c318169911593f77c3046c3a2745221c85183192460cb378,FPS与平均批延迟已按公式统一；新1000次逐次记录待补，旧50条序列未用于评分,413.2006392,0.4881852170033022,416.655819,868.2894666,407.864868,876.9566481,0.011374684925970225,38.7221085402,0.17169904076646858,1.41339505215,38.400999747,1.41339505215,39.2286790438,0.013395919589334837,39.42132792,0.17182471980623013,1.4361862,38.99488324,1.422850194,39.57370866,0.0039941628085721215,39.66995546,0.16829102242399901,1.503047371,39.13301483,1.503047371,40.92690871,0.03188305780582079
81组实验数据3,26,A1-B3-C3-D2,force_fp32,16,high_performance_for_all,l2_with_tiling,是,,81,81,0.008707149325980015,0.8939762003507465,1,0.999,"1,14,27,33,43,47,62,66,76",9,本CSV可行初始L9；极差归一化、样本标准差、Pearson相关,本CSV全部可行配置；FPS越高越好，延迟越低越好,按作者确认的新1000次汇总数据回溯评分；平均延迟由FPS换算；未计算预算,C:\Users\25726\Desktop\论文\应用科学\实验数据\81组实验数据3_实验数据.csv,cb1752ec0c1b3238c318169911593f77c3046c3a2745221c85183192460cb378,FPS与平均批延迟已按公式统一；新1000次逐次记录待补，旧50条序列未用于评分,407.864868,0.4881852170033022,416.655819,868.2894666,407.864868,876.9566481,0.0,39.2286790438,0.17169904076646858,1.41339505215,38.400999747,1.41339505215,39.2286790438,0.0,39.57370866,0.17182471980623013,1.4361862,38.99488324,1.422850194,39.57370866,0.0,39.7556842,0.16829102242399901,1.503047371,39.13301483,1.503047371,40.92690871,0.029708518400285877
