数据组,实验序号,配置ID,精度模式,Batch,算子实现,图优化策略,通过准入且指标完整,未评分原因,可行配置数,评分排名,TOPSIS得分,与本组最高分差值,最小余弦,余弦阈值,权重样本Exp,有效初始L9数量,权重来源,评分范围,用途,原始数据来源,FPS,FPS_CRITIC权重,FPS_权重样本最小值,FPS_权重样本最大值,FPS_评分最小值,FPS_评分最大值,FPS_同向归一化,平均批延迟_ms,平均批延迟_ms_CRITIC权重,平均批延迟_ms_权重样本最小值,平均批延迟_ms_权重样本最大值,平均批延迟_ms_评分最小值,平均批延迟_ms_评分最大值,平均批延迟_ms_同向归一化,P95批延迟_ms,P95批延迟_ms_CRITIC权重,P95批延迟_ms_权重样本最小值,P95批延迟_ms_权重样本最大值,P95批延迟_ms_评分最小值,P95批延迟_ms_评分最大值,P95批延迟_ms_同向归一化,P99批延迟_ms,P99批延迟_ms_CRITIC权重,P99批延迟_ms_权重样本最小值,P99批延迟_ms_权重样本最大值,P99批延迟_ms_评分最小值,P99批延迟_ms_评分最大值,P99批延迟_ms_同向归一化
caffe,69,A3-B2-C2-D3,force_fp16,10,high_performance,l2_single_stream,是,',27,1,0.9993959585183059,0.0,0.999979,0.999,"14,43,66",3,仅本组初始L9中可行配置；指标极差归一化；样本标准差与Pearson相关,本组全部可行配置；FPS越高越好，延迟越低越好,全空间回溯评分；不是预算搜索轨迹，未计算命中预算,C:\Users\25726\Desktop\论文\应用科学\实验数据\caffe\results.json,1127.297093,0.14826447336523202,581.078188,1120.156123,577.663308,1128.387476,0.9980200923377668,8.870776,0.17870356352159603,8.927327,17.209388,8.862204,17.311122,0.9989854322174746,9.05795,0.18548395336296122,9.11625,17.582,9.05795,17.65125,1.0,9.10402,0.4875480097502107,9.14489,18.55114,9.10402,24.3419,1.0
caffe,65,A3-B2-C1-D2,force_fp16,10,high_precision,l2_with_tiling,是,',27,2,0.9967513254097001,0.002644633108605743,0.999979,0.999,"14,43,66",3,仅本组初始L9中可行配置；指标极差归一化；样本标准差与Pearson相关,本组全部可行配置；FPS越高越好，延迟越低越好,全空间回溯评分；不是预算搜索轨迹，未计算命中预算,C:\Users\25726\Desktop\论文\应用科学\实验数据\caffe\results.json,1126.408236,0.14826447336523202,581.078188,1120.156123,577.663308,1128.387476,0.9964061137770875,8.877776,0.17870356352159603,8.927327,17.209388,8.862204,17.311122,0.9981569237623089,9.10445,0.18548395336296122,9.11625,17.582,9.05795,17.65125,0.9945888075593776,9.14868,0.4875480097502107,9.14489,18.55114,9.10402,24.3419,0.9970691461016886
caffe,66,A3-B2-C1-D3,force_fp16,10,high_precision,l2_single_stream,是,',27,3,0.994439989663394,0.004955968854911896,0.999979,0.999,"14,43,66",3,仅本组初始L9中可行配置；指标极差归一化；样本标准差与Pearson相关,本组全部可行配置；FPS越高越好，延迟越低越好,全空间回溯评分；不是预算搜索轨迹，未计算命中预算,C:\Users\25726\Desktop\论文\应用科学\实验数据\caffe\results.json,1120.156123,0.14826447336523202,581.078188,1120.156123,577.663308,1128.387476,0.9850535831214872,8.927327,0.17870356352159603,8.927327,17.209388,8.862204,17.311122,0.9922921491248938,9.11625,0.18548395336296122,9.11625,17.582,9.05795,17.65125,0.9932156447464885,9.14489,0.4875480097502107,9.14489,18.55114,9.10402,24.3419,0.9973178683648907
caffe,72,A3-B2-C3-D3,force_fp16,10,high_performance_for_all,l2_single_stream,是,',27,4,0.9921526267573885,0.007243331760917404,0.999979,0.999,"14,43,66",3,仅本组初始L9中可行配置；指标极差归一化；样本标准差与Pearson相关,本组全部可行配置；FPS越高越好，延迟越低越好,全空间回溯评分；不是预算搜索轨迹，未计算命中预算,C:\Users\25726\Desktop\论文\应用科学\实验数据\caffe\results.json,1120.512209,0.14826447336523202,581.078188,1120.156123,577.663308,1128.387476,0.9857001608834423,8.92449,0.17870356352159603,8.927327,17.209388,8.862204,17.311122,0.9926279317659373,9.1636,0.18548395336296122,9.11625,17.582,9.05795,17.65125,0.9877055380354461,9.19602,0.4875480097502107,9.14489,18.55114,9.10402,24.3419,0.9939624147191078
caffe,64,A3-B2-C1-D1,force_fp16,10,high_precision,standard_l2,是,',27,5,0.9919911825796008,0.007404775938705033,0.999979,0.999,"14,43,66",3,仅本组初始L9中可行配置；指标极差归一化；样本标准差与Pearson相关,本组全部可行配置；FPS越高越好，延迟越低越好,全空间回溯评分；不是预算搜索轨迹，未计算命中预算,C:\Users\25726\Desktop\论文\应用科学\实验数据\caffe\results.json,1119.616088,0.14826447336523202,581.078188,1120.156123,577.663308,1128.387476,0.9840729924167771,8.931633,0.17870356352159603,8.927327,17.209388,8.862204,17.311122,0.9917824980666164,9.15575,0.18548395336296122,9.11625,17.582,9.05795,17.65125,0.9886190404152073,9.19644,0.4875480097502107,9.14489,18.55114,9.10402,24.3419,0.993934851829782
caffe,71,A3-B2-C3-D2,force_fp16,10,high_performance_for_all,l2_with_tiling,是,',27,6,0.9828404200317157,0.016555538486590193,0.999979,0.999,"14,43,66",3,仅本组初始L9中可行配置；指标极差归一化；样本标准差与Pearson相关,本组全部可行配置；FPS越高越好，延迟越低越好,全空间回溯评分；不是预算搜索轨迹，未计算命中预算,C:\Users\25726\Desktop\论文\应用科学\实验数据\caffe\results.json,1128.387476,0.14826447336523202,581.078188,1120.156123,577.663308,1128.387476,1.0,8.862204,0.17870356352159603,8.927327,17.209388,8.862204,17.311122,1.0,9.08945,0.18548395336296122,9.11625,17.582,9.05795,17.65125,0.9963343535079656,9.41018,0.4875480097502107,9.14489,18.55114,9.10402,24.3419,0.9799079662000225
caffe,70,A3-B2-C3-D1,force_fp16,10,high_performance_for_all,standard_l2,是,',27,7,0.9520521594360132,0.04734379908229269,0.999979,0.999,"14,43,66",3,仅本组初始L9中可行配置；指标极差归一化；样本标准差与Pearson相关,本组全部可行配置；FPS越高越好，延迟越低越好,全空间回溯评分；不是预算搜索轨迹，未计算命中预算,C:\Users\25726\Desktop\论文\应用科学\实验数据\caffe\results.json,1120.307341,0.14826447336523202,581.078188,1120.156123,577.663308,1128.387476,0.9853281634082923,8.926122,0.17870356352159603,8.927327,17.209388,8.862204,17.311122,0.9924347709375332,9.2119,0.18548395336296122,9.11625,17.582,9.05795,17.65125,0.9820848800809934,9.95311,0.4875480097502107,9.14489,18.55114,9.10402,24.3419,0.9442776816722536
caffe,67,A3-B2-C2-D1,force_fp16,10,high_performance,standard_l2,是,',27,8,0.76422714963414,0.23516880888416591,0.999979,0.999,"14,43,66",3,仅本组初始L9中可行配置；指标极差归一化；样本标准差与Pearson相关,本组全部可行配置；FPS越高越好，延迟越低越好,全空间回溯评分；不是预算搜索轨迹，未计算命中预算,C:\Users\25726\Desktop\论文\应用科学\实验数据\caffe\results.json,1105.63808,0.14826447336523202,581.078188,1120.156123,577.663308,1128.387476,0.9586918509811972,9.044551,0.17870356352159603,8.927327,17.209388,8.862204,17.311122,0.9784177098179909,9.089,0.18548395336296122,9.11625,17.582,9.05795,17.65125,0.9963867198864231,13.47305,0.4875480097502107,9.14489,18.55114,9.10402,24.3419,0.7132783563067828
caffe,68,A3-B2-C2-D2,force_fp16,10,high_performance,l2_with_tiling,是,',27,9,0.7029408351271189,0.29645512339118696,0.999979,0.999,"14,43,66",3,仅本组初始L9中可行配置；指标极差归一化；样本标准差与Pearson相关,本组全部可行配置；FPS越高越好，延迟越低越好,全空间回溯评分；不是预算搜索轨迹，未计算命中预算,C:\Users\25726\Desktop\论文\应用科学\实验数据\caffe\results.json,1093.947799,0.14826447336523202,581.078188,1120.156123,577.663308,1128.387476,0.937464743693616,9.141204,0.17870356352159603,8.927327,17.209388,8.862204,17.311122,0.9669780201441178,9.11595,0.18548395336296122,9.11625,17.582,9.05795,17.65125,0.9932505556654603,14.6773,0.4875480097502107,9.14489,18.55114,9.10402,24.3419,0.6342483337577143
caffe,42,A2-B2-C2-D3,allow_fp32_to_fp16,10,high_performance,l2_single_stream,是,',27,10,0.3692477692953592,0.6301481892229467,0.999999,0.999,"14,43,66",3,仅本组初始L9中可行配置；指标极差归一化；样本标准差与Pearson相关,本组全部可行配置；FPS越高越好，延迟越低越好,全空间回溯评分；不是预算搜索轨迹，未计算命中预算,C:\Users\25726\Desktop\论文\应用科学\实验数据\caffe\results.json,591.645259,0.14826447336523202,581.078188,1120.156123,577.663308,1128.387476,0.02538830109958054,16.90202,0.17870356352159603,8.927327,17.209388,8.862204,17.311122,0.0484206380035882,17.21615,0.18548395336296122,9.11625,17.582,9.05795,17.65125,0.05063246948203859,17.28428,0.4875480097502107,9.14489,18.55114,9.10402,24.3419,0.46316285467532237
caffe,38,A2-B2-C1-D2,allow_fp32_to_fp16,10,high_precision,l2_with_tiling,是,',27,11,0.3604890699247012,0.6389068885936047,0.999999,0.999,"14,43,66",3,仅本组初始L9中可行配置；指标极差归一化；样本标准差与Pearson相关,本组全部可行配置；FPS越高越好，延迟越低越好,全空间回溯评分；不是预算搜索轨迹，未计算命中预算,C:\Users\25726\Desktop\论文\应用科学\实验数据\caffe\results.json,589.455953,0.14826447336523202,581.078188,1120.156123,577.663308,1128.387476,0.021412978919784744,16.964796,0.17870356352159603,8.927327,17.209388,8.862204,17.311122,0.04099057417766405,17.3208,0.18548395336296122,9.11625,17.582,9.05795,17.65125,0.03845437724739076,17.44758,0.4875480097502107,9.14489,18.55114,9.10402,24.3419,0.45244614080173884
caffe,41,A2-B2-C2-D2,allow_fp32_to_fp16,10,high_performance,l2_with_tiling,是,',27,12,0.3597220793372172,0.6396738791810886,0.999999,0.999,"14,43,66",3,仅本组初始L9中可行配置；指标极差归一化；样本标准差与Pearson相关,本组全部可行配置；FPS越高越好，延迟越低越好,全空间回溯评分；不是预算搜索轨迹，未计算命中预算,C:\Users\25726\Desktop\论文\应用科学\实验数据\caffe\results.json,589.778049,0.14826447336523202,581.078188,1120.156123,577.663308,1128.387476,0.021997837944892913,16.955531,0.17870356352159603,8.927327,17.209388,8.862204,17.311122,0.0420871642972509,17.3037,0.18548395336296122,9.11625,17.582,9.05795,17.65125,0.04044429962878071,17.46826,0.4875480097502107,9.14489,18.55114,9.10402,24.3419,0.45108899663207735
caffe,10,A1-B2-C1-D1,force_fp32,10,high_precision,standard_l2,是,',27,13,0.35520826826710533,0.6441876902512005,0.999999,0.999,"14,43,66",3,仅本组初始L9中可行配置；指标极差归一化；样本标准差与Pearson相关,本组全部可行配置；FPS越高越好，延迟越低越好,全空间回溯评分；不是预算搜索轨迹，未计算命中预算,C:\Users\25726\Desktop\论文\应用科学\实验数据\caffe\results.json,582.018955,0.14826447336523202,581.078188,1120.156123,577.663308,1128.387476,0.00790894471876523,17.181571,0.17870356352159603,8.927327,17.209388,8.862204,17.311122,0.015333442696449318,17.45855,0.18548395336296122,9.11625,17.582,9.05795,17.65125,0.022424446952858834,17.50559,0.4875480097502107,9.14489,18.55114,9.10402,24.3419,0.44863918077842835
caffe,12,A1-B2-C1-D3,force_fp32,10,high_precision,l2_single_stream,是,',27,14,0.35336710834836543,0.6460288501699405,0.999999,0.999,"14,43,66",3,仅本组初始L9中可行配置；指标极差归一化；样本标准差与Pearson相关,本组全部可行配置；FPS越高越好，延迟越低越好,全空间回溯评分；不是预算搜索轨迹，未计算命中预算,C:\Users\25726\Desktop\论文\应用科学\实验数据\caffe\results.json,582.002357,0.14826447336523202,581.078188,1120.156123,577.663308,1128.387476,0.007878806219377558,17.182061,0.17870356352159603,8.927327,17.209388,8.862204,17.311122,0.015275447104587836,17.4908,0.18548395336296122,9.11625,17.582,9.05795,17.65125,0.01867152316339482,17.54128,0.4875480097502107,9.14489,18.55114,9.10402,24.3419,0.4462969914450041
caffe,18,A1-B2-C3-D3,force_fp32,10,high_performance_for_all,l2_single_stream,是,',27,15,0.3529815201702288,0.646414438348077,0.999999,0.999,"14,43,66",3,仅本组初始L9中可行配置；指标极差归一化；样本标准差与Pearson相关,本组全部可行配置；FPS越高越好，延迟越低越好,全空间回溯评分；不是预算搜索轨迹，未计算命中预算,C:\Users\25726\Desktop\论文\应用科学\实验数据\caffe\results.json,581.36912,0.14826447336523202,581.078188,1120.156123,577.663308,1128.387476,0.006728980159810097,17.200776,0.17870356352159603,8.927327,17.209388,8.862204,17.311122,0.013060370570527446,17.48505,0.18548395336296122,9.11625,17.582,9.05795,17.65125,0.01934064911035338,17.54732,0.4875480097502107,9.14489,18.55114,9.10402,24.3419,0.4459006108461282
caffe,11,A1-B2-C1-D2,force_fp32,10,high_precision,l2_with_tiling,是,',27,16,0.3471853867541117,0.6522105717641942,0.999999,0.999,"14,43,66",3,仅本组初始L9中可行配置；指标极差归一化；样本标准差与Pearson相关,本组全部可行配置；FPS越高越好，延迟越低越好,全空间回溯评分；不是预算搜索轨迹，未计算命中预算,C:\Users\25726\Desktop\论文\应用科学\实验数据\caffe\results.json,578.344414,0.14826447336523202,581.078188,1120.156123,577.663308,1128.387476,0.0012367461600123562,17.290735,0.17870356352159603,8.927327,17.209388,8.862204,17.311122,0.002412971696494126,17.57385,0.18548395336296122,9.11625,17.582,9.05795,17.65125,0.00900701709471341,17.64745,0.4875480097502107,9.14489,18.55114,9.10402,24.3419,0.43932948677900074
caffe,14,A1-B2-C2-D2,force_fp32,10,high_performance,l2_with_tiling,是,',27,17,0.34644050547575295,0.652955453042553,0.999999,0.999,"14,43,66",3,仅本组初始L9中可行配置；指标极差归一化；样本标准差与Pearson相关,本组全部可行配置；FPS越高越好，延迟越低越好,全空间回溯评分；不是预算搜索轨迹，未计算命中预算,C:\Users\25726\Desktop\论文\应用科学\实验数据\caffe\results.json,581.078188,0.14826447336523202,581.078188,1120.156123,577.663308,1128.387476,0.006200708446119846,17.209388,0.17870356352159603,8.927327,17.209388,8.862204,17.311122,0.012041068453972459,17.582,0.18548395336296122,9.11625,17.582,9.05795,17.65125,0.008058603795980668,17.6754,0.4875480097502107,9.14489,18.55114,9.10402,24.3419,0.4374952421202949
caffe,13,A1-B2-C2-D1,force_fp32,10,high_performance,standard_l2,是,',27,18,0.34377338036453015,0.6556225781537757,0.999999,0.999,"14,43,66",3,仅本组初始L9中可行配置；指标极差归一化；样本标准差与Pearson相关,本组全部可行配置；FPS越高越好，延迟越低越好,全空间回溯评分；不是预算搜索轨迹，未计算命中预算,C:\Users\25726\Desktop\论文\应用科学\实验数据\caffe\results.json,578.066726,0.14826447336523202,581.078188,1120.156123,577.663308,1128.387476,0.0007325227826209868,17.299041,0.17870356352159603,8.927327,17.209388,8.862204,17.311122,0.0014298872352651593,17.631,0.18548395336296122,9.11625,17.582,9.05795,17.65125,0.002356487030593657,17.71317,0.4875480097502107,9.14489,18.55114,9.10402,24.3419,0.43501655085878077
caffe,15,A1-B2-C2-D3,force_fp32,10,high_performance,l2_single_stream,是,',27,19,0.34340510894714643,0.6559908495711595,0.999999,0.999,"14,43,66",3,仅本组初始L9中可行配置；指标极差归一化；样本标准差与Pearson相关,本组全部可行配置；FPS越高越好，延迟越低越好,全空间回溯评分；不是预算搜索轨迹，未计算命中预算,C:\Users\25726\Desktop\论文\应用科学\实验数据\caffe\results.json,577.663308,0.14826447336523202,581.078188,1120.156123,577.663308,1128.387476,0.0,17.311122,0.17870356352159603,8.927327,17.209388,8.862204,17.311122,0.0,17.6409,0.18548395336296122,9.11625,17.582,9.05795,17.65125,0.0012044267045259183,17.71812,0.4875480097502107,9.14489,18.55114,9.10402,24.3419,0.4346917025202981
caffe,17,A1-B2-C3-D2,force_fp32,10,high_performance_for_all,l2_with_tiling,是,',27,20,0.3425297948204032,0.6568661636979027,0.999999,0.999,"14,43,66",3,仅本组初始L9中可行配置；指标极差归一化；样本标准差与Pearson相关,本组全部可行配置；FPS越高越好，延迟越低越好,全空间回溯评分；不是预算搜索轨迹，未计算命中预算,C:\Users\25726\Desktop\论文\应用科学\实验数据\caffe\results.json,578.35194,0.14826447336523202,581.078188,1120.156123,577.663308,1128.387476,0.001250411803245911,17.29051,0.17870356352159603,8.927327,17.209388,8.862204,17.311122,0.002439602325410184,17.65125,0.18548395336296122,9.11625,17.582,9.05795,17.65125,0.0,17.73898,0.4875480097502107,9.14489,18.55114,9.10402,24.3419,0.4333227456837827
caffe,40,A2-B2-C2-D1,allow_fp32_to_fp16,10,high_performance,standard_l2,是,',27,21,0.3391862590282856,0.6602096994900203,0.999999,0.999,"14,43,66",3,仅本组初始L9中可行配置；指标极差归一化；样本标准差与Pearson相关,本组全部可行配置；FPS越高越好，延迟越低越好,全空间回溯评分；不是预算搜索轨迹，未计算命中预算,C:\Users\25726\Desktop\论文\应用科学\实验数据\caffe\results.json,587.619469,0.14826447336523202,581.078188,1120.156123,577.663308,1128.387476,0.01807830776004722,17.017816,0.17870356352159603,8.927327,17.209388,8.862204,17.311122,0.03471521442153913,17.33705,0.18548395336296122,9.11625,17.582,9.05795,17.65125,0.03656336913642022,17.89274,0.4875480097502107,9.14489,18.55114,9.10402,24.3419,0.42323210315345705
caffe,44,A2-B2-C3-D2,allow_fp32_to_fp16,10,high_performance_for_all,l2_with_tiling,是,',27,22,0.31037795423293646,0.6890180042853694,0.999999,0.999,"14,43,66",3,仅本组初始L9中可行配置；指标极差归一化；样本标准差与Pearson相关,本组全部可行配置；FPS越高越好，延迟越低越好,全空间回溯评分；不是预算搜索轨迹，未计算命中预算,C:\Users\25726\Desktop\论文\应用科学\实验数据\caffe\results.json,590.480265,0.14826447336523202,581.078188,1120.156123,577.663308,1128.387476,0.02327291545338537,16.935367,0.17870356352159603,8.927327,17.209388,8.862204,17.311122,0.044473742081530654,17.35965,0.18548395336296122,9.11625,17.582,9.05795,17.65125,0.033933413240548105,18.50546,0.4875480097502107,9.14489,18.55114,9.10402,24.3419,0.3830217851827157
caffe,43,A2-B2-C3-D1,allow_fp32_to_fp16,10,high_performance_for_all,standard_l2,是,',27,23,0.30778205088564237,0.6916139076326635,0.999999,0.999,"14,43,66",3,仅本组初始L9中可行配置；指标极差归一化；样本标准差与Pearson相关,本组全部可行配置；FPS越高越好，延迟越低越好,全空间回溯评分；不是预算搜索轨迹，未计算命中预算,C:\Users\25726\Desktop\论文\应用科学\实验数据\caffe\results.json,588.329219,0.14826447336523202,581.078188,1120.156123,577.663308,1128.387476,0.019367065438101377,16.997286,0.17870356352159603,8.927327,17.209388,8.862204,17.311122,0.0371451113621889,17.34725,0.18548395336296122,9.11625,17.582,9.05795,17.65125,0.035376397891380695,18.55114,0.4875480097502107,9.14489,18.55114,9.10402,24.3419,0.38002399283889876
caffe,16,A1-B2-C3-D1,force_fp32,10,high_performance_for_all,standard_l2,是,',27,24,0.29808447170180263,0.7013114868165032,0.999999,0.999,"14,43,66",3,仅本组初始L9中可行配置；指标极差归一化；样本标准差与Pearson相关,本组全部可行配置；FPS越高越好，延迟越低越好,全空间回溯评分；不是预算搜索轨迹，未计算命中预算,C:\Users\25726\Desktop\论文\应用科学\实验数据\caffe\results.json,579.856941,0.14826447336523202,581.078188,1120.156123,577.663308,1128.387476,0.003983179107549129,17.245633,0.17870356352159603,8.927327,17.209388,8.862204,17.311122,0.0077511700314761844,17.5384,0.18548395336296122,9.11625,17.582,9.05795,17.65125,0.013132324019876185,18.69652,0.4875480097502107,9.14489,18.55114,9.10402,24.3419,0.37048329557655
caffe,37,A2-B2-C1-D1,allow_fp32_to_fp16,10,high_precision,standard_l2,是,',27,25,0.2978862274872115,0.7015097310310944,0.999999,0.999,"14,43,66",3,仅本组初始L9中可行配置；指标极差归一化；样本标准差与Pearson相关,本组全部可行配置；FPS越高越好，延迟越低越好,全空间回溯评分；不是预算搜索轨迹，未计算命中预算,C:\Users\25726\Desktop\论文\应用科学\实验数据\caffe\results.json,587.163893,0.14826447336523202,581.078188,1120.156123,577.663308,1128.387476,0.01725107694928689,17.03102,0.17870356352159603,8.927327,17.209388,8.862204,17.311122,0.033152410758395257,17.3118,0.18548395336296122,9.11625,17.582,9.05795,17.65125,0.039501704816543026,18.75347,0.4875480097502107,9.14489,18.55114,9.10402,24.3419,0.3667458990358239
caffe,45,A2-B2-C3-D3,allow_fp32_to_fp16,10,high_performance_for_all,l2_single_stream,是,',27,26,0.047938671121571214,0.9514572873967346,0.999999,0.999,"14,43,66",3,仅本组初始L9中可行配置；指标极差归一化；样本标准差与Pearson相关,本组全部可行配置；FPS越高越好，延迟越低越好,全空间回溯评分；不是预算搜索轨迹，未计算命中预算,C:\Users\25726\Desktop\论文\应用科学\实验数据\caffe\results.json,580.880493,0.14826447336523202,581.078188,1120.156123,577.663308,1128.387476,0.005841735639972807,17.215245,0.17870356352159603,8.927327,17.209388,8.862204,17.311122,0.011347843593700557,17.3091,0.18548395336296122,9.11625,17.582,9.05795,17.65125,0.039815903087288995,23.51824,0.4875480097502107,9.14489,18.55114,9.10402,24.3419,0.05405345100499548
caffe,39,A2-B2-C1-D3,allow_fp32_to_fp16,10,high_precision,l2_single_stream,是,',27,27,0.014613472115154602,0.9847824864031512,0.999999,0.999,"14,43,66",3,仅本组初始L9中可行配置；指标极差归一化；样本标准差与Pearson相关,本组全部可行配置；FPS越高越好，延迟越低越好,全空间回溯评分；不是预算搜索轨迹，未计算命中预算,C:\Users\25726\Desktop\论文\应用科学\实验数据\caffe\results.json,579.771181,0.14826447336523202,581.078188,1120.156123,577.663308,1128.387476,0.003827456869479399,17.248184,0.17870356352159603,8.927327,17.209388,8.862204,17.311122,0.007449237878744075,17.26695,0.18548395336296122,9.11625,17.582,9.05795,17.65125,0.04472088720282075,24.3419,0.4875480097502107,9.14489,18.55114,9.10402,24.3419,0.0
caffe,1,A1-B1-C1-D1,force_fp32,1,high_precision,standard_l2,否,数值验证缺失或失败,27,,,,,0.999,"14,43,66",3,仅本组初始L9中可行配置；指标极差归一化；样本标准差与Pearson相关,本组全部可行配置；FPS越高越好，延迟越低越好,全空间回溯评分；不是预算搜索轨迹，未计算命中预算,C:\Users\25726\Desktop\论文\应用科学\实验数据\caffe\results.json,879.428582,0.14826447336523202,581.078188,1120.156123,577.663308,1128.387476,,1.137102,0.17870356352159603,8.927327,17.209388,8.862204,17.311122,,1.1701,0.18548395336296122,9.11625,17.582,9.05795,17.65125,,1.24366,0.4875480097502107,9.14489,18.55114,9.10402,24.3419,
caffe,2,A1-B1-C1-D2,force_fp32,1,high_precision,l2_with_tiling,否,数值验证缺失或失败,27,,,,,0.999,"14,43,66",3,仅本组初始L9中可行配置；指标极差归一化；样本标准差与Pearson相关,本组全部可行配置；FPS越高越好，延迟越低越好,全空间回溯评分；不是预算搜索轨迹，未计算命中预算,C:\Users\25726\Desktop\论文\应用科学\实验数据\caffe\results.json,906.434233,0.14826447336523202,581.078188,1120.156123,577.663308,1128.387476,,1.103224,0.17870356352159603,8.927327,17.209388,8.862204,17.311122,,1.1262,0.18548395336296122,9.11625,17.582,9.05795,17.65125,,1.20943,0.4875480097502107,9.14489,18.55114,9.10402,24.3419,
caffe,3,A1-B1-C1-D3,force_fp32,1,high_precision,l2_single_stream,否,数值验证缺失或失败,27,,,,,0.999,"14,43,66",3,仅本组初始L9中可行配置；指标极差归一化；样本标准差与Pearson相关,本组全部可行配置；FPS越高越好，延迟越低越好,全空间回溯评分；不是预算搜索轨迹，未计算命中预算,C:\Users\25726\Desktop\论文\应用科学\实验数据\caffe\results.json,880.503366,0.14826447336523202,581.078188,1120.156123,577.663308,1128.387476,,1.135714,0.17870356352159603,8.927327,17.209388,8.862204,17.311122,,1.1731,0.18548395336296122,9.11625,17.582,9.05795,17.65125,,1.23956,0.4875480097502107,9.14489,18.55114,9.10402,24.3419,
caffe,4,A1-B1-C2-D1,force_fp32,1,high_performance,standard_l2,否,数值验证缺失或失败,27,,,,,0.999,"14,43,66",3,仅本组初始L9中可行配置；指标极差归一化；样本标准差与Pearson相关,本组全部可行配置；FPS越高越好，延迟越低越好,全空间回溯评分；不是预算搜索轨迹，未计算命中预算,C:\Users\25726\Desktop\论文\应用科学\实验数据\caffe\results.json,876.565546,0.14826447336523202,581.078188,1120.156123,577.663308,1128.387476,,1.140816,0.17870356352159603,8.927327,17.209388,8.862204,17.311122,,1.1759,0.18548395336296122,9.11625,17.582,9.05795,17.65125,,1.2366,0.4875480097502107,9.14489,18.55114,9.10402,24.3419,
caffe,5,A1-B1-C2-D2,force_fp32,1,high_performance,l2_with_tiling,否,数值验证缺失或失败,27,,,,,0.999,"14,43,66",3,仅本组初始L9中可行配置；指标极差归一化；样本标准差与Pearson相关,本组全部可行配置；FPS越高越好，延迟越低越好,全空间回溯评分；不是预算搜索轨迹，未计算命中预算,C:\Users\25726\Desktop\论文\应用科学\实验数据\caffe\results.json,857.197718,0.14826447336523202,581.078188,1120.156123,577.663308,1128.387476,,1.166592,0.17870356352159603,8.927327,17.209388,8.862204,17.311122,,1.2097,0.18548395336296122,9.11625,17.582,9.05795,17.65125,,1.28105,0.4875480097502107,9.14489,18.55114,9.10402,24.3419,
caffe,6,A1-B1-C2-D3,force_fp32,1,high_performance,l2_single_stream,否,数值验证缺失或失败,27,,,,,0.999,"14,43,66",3,仅本组初始L9中可行配置；指标极差归一化；样本标准差与Pearson相关,本组全部可行配置；FPS越高越好，延迟越低越好,全空间回溯评分；不是预算搜索轨迹，未计算命中预算,C:\Users\25726\Desktop\论文\应用科学\实验数据\caffe\results.json,880.424294,0.14826447336523202,581.078188,1120.156123,577.663308,1128.387476,,1.135816,0.17870356352159603,8.927327,17.209388,8.862204,17.311122,,1.1612,0.18548395336296122,9.11625,17.582,9.05795,17.65125,,1.23984,0.4875480097502107,9.14489,18.55114,9.10402,24.3419,
caffe,7,A1-B1-C3-D1,force_fp32,1,high_performance_for_all,standard_l2,否,数值验证缺失或失败,27,,,,,0.999,"14,43,66",3,仅本组初始L9中可行配置；指标极差归一化；样本标准差与Pearson相关,本组全部可行配置；FPS越高越好，延迟越低越好,全空间回溯评分；不是预算搜索轨迹，未计算命中预算,C:\Users\25726\Desktop\论文\应用科学\实验数据\caffe\results.json,858.414046,0.14826447336523202,581.078188,1120.156123,577.663308,1128.387476,,1.164939,0.17870356352159603,8.927327,17.209388,8.862204,17.311122,,1.1871,0.18548395336296122,9.11625,17.582,9.05795,17.65125,,1.27007,0.4875480097502107,9.14489,18.55114,9.10402,24.3419,
caffe,8,A1-B1-C3-D2,force_fp32,1,high_performance_for_all,l2_with_tiling,否,数值验证缺失或失败,27,,,,,0.999,"14,43,66",3,仅本组初始L9中可行配置；指标极差归一化；样本标准差与Pearson相关,本组全部可行配置；FPS越高越好，延迟越低越好,全空间回溯评分；不是预算搜索轨迹，未计算命中预算,C:\Users\25726\Desktop\论文\应用科学\实验数据\caffe\results.json,875.07821,0.14826447336523202,581.078188,1120.156123,577.663308,1128.387476,,1.142755,0.17870356352159603,8.927327,17.209388,8.862204,17.311122,,1.1885,0.18548395336296122,9.11625,17.582,9.05795,17.65125,,1.24135,0.4875480097502107,9.14489,18.55114,9.10402,24.3419,
caffe,9,A1-B1-C3-D3,force_fp32,1,high_performance_for_all,l2_single_stream,否,数值验证缺失或失败,27,,,,,0.999,"14,43,66",3,仅本组初始L9中可行配置；指标极差归一化；样本标准差与Pearson相关,本组全部可行配置；FPS越高越好，延迟越低越好,全空间回溯评分；不是预算搜索轨迹，未计算命中预算,C:\Users\25726\Desktop\论文\应用科学\实验数据\caffe\results.json,856.793041,0.14826447336523202,581.078188,1120.156123,577.663308,1128.387476,,1.167143,0.17870356352159603,8.927327,17.209388,8.862204,17.311122,,1.2196,0.18548395336296122,9.11625,17.582,9.05795,17.65125,,1.27529,0.4875480097502107,9.14489,18.55114,9.10402,24.3419,
caffe,19,A1-B3-C1-D1,force_fp32,16,high_precision,standard_l2,否,数值验证缺失或失败,27,,,,,0.999,"14,43,66",3,仅本组初始L9中可行配置；指标极差归一化；样本标准差与Pearson相关,本组全部可行配置；FPS越高越好，延迟越低越好,全空间回溯评分；不是预算搜索轨迹，未计算命中预算,C:\Users\25726\Desktop\论文\应用科学\实验数据\caffe\results.json,570.733866,0.14826447336523202,581.078188,1120.156123,577.663308,1128.387476,,28.034082,0.17870356352159603,8.927327,17.209388,8.862204,17.311122,,28.42575,0.18548395336296122,9.11625,17.582,9.05795,17.65125,,28.65514,0.4875480097502107,9.14489,18.55114,9.10402,24.3419,
caffe,20,A1-B3-C1-D2,force_fp32,16,high_precision,l2_with_tiling,否,数值验证缺失或失败,27,,,,,0.999,"14,43,66",3,仅本组初始L9中可行配置；指标极差归一化；样本标准差与Pearson相关,本组全部可行配置；FPS越高越好，延迟越低越好,全空间回溯评分；不是预算搜索轨迹，未计算命中预算,C:\Users\25726\Desktop\论文\应用科学\实验数据\caffe\results.json,571.141328,0.14826447336523202,581.078188,1120.156123,577.663308,1128.387476,,28.014082,0.17870356352159603,8.927327,17.209388,8.862204,17.311122,,28.41705,0.18548395336296122,9.11625,17.582,9.05795,17.65125,,28.46893,0.4875480097502107,9.14489,18.55114,9.10402,24.3419,
caffe,21,A1-B3-C1-D3,force_fp32,16,high_precision,l2_single_stream,否,数值验证缺失或失败,27,,,,,0.999,"14,43,66",3,仅本组初始L9中可行配置；指标极差归一化；样本标准差与Pearson相关,本组全部可行配置；FPS越高越好，延迟越低越好,全空间回溯评分；不是预算搜索轨迹，未计算命中预算,C:\Users\25726\Desktop\论文\应用科学\实验数据\caffe\results.json,570.739281,0.14826447336523202,581.078188,1120.156123,577.663308,1128.387476,,28.033816,0.17870356352159603,8.927327,17.209388,8.862204,17.311122,,28.5819,0.18548395336296122,9.11625,17.582,9.05795,17.65125,,28.64861,0.4875480097502107,9.14489,18.55114,9.10402,24.3419,
caffe,22,A1-B3-C2-D1,force_fp32,16,high_performance,standard_l2,否,数值验证缺失或失败,27,,,,,0.999,"14,43,66",3,仅本组初始L9中可行配置；指标极差归一化；样本标准差与Pearson相关,本组全部可行配置；FPS越高越好，延迟越低越好,全空间回溯评分；不是预算搜索轨迹，未计算命中预算,C:\Users\25726\Desktop\论文\应用科学\实验数据\caffe\results.json,571.298234,0.14826447336523202,581.078188,1120.156123,577.663308,1128.387476,,28.006388,0.17870356352159603,8.927327,17.209388,8.862204,17.311122,,28.4217,0.18548395336296122,9.11625,17.582,9.05795,17.65125,,28.54502,0.4875480097502107,9.14489,18.55114,9.10402,24.3419,
caffe,23,A1-B3-C2-D2,force_fp32,16,high_performance,l2_with_tiling,否,数值验证缺失或失败,27,,,,,0.999,"14,43,66",3,仅本组初始L9中可行配置；指标极差归一化；样本标准差与Pearson相关,本组全部可行配置；FPS越高越好，延迟越低越好,全空间回溯评分；不是预算搜索轨迹，未计算命中预算,C:\Users\25726\Desktop\论文\应用科学\实验数据\caffe\results.json,571.019864,0.14826447336523202,581.078188,1120.156123,577.663308,1128.387476,,28.020041,0.17870356352159603,8.927327,17.209388,8.862204,17.311122,,28.5358,0.18548395336296122,9.11625,17.582,9.05795,17.65125,,28.64645,0.4875480097502107,9.14489,18.55114,9.10402,24.3419,
caffe,24,A1-B3-C2-D3,force_fp32,16,high_performance,l2_single_stream,否,数值验证缺失或失败,27,,,,,0.999,"14,43,66",3,仅本组初始L9中可行配置；指标极差归一化；样本标准差与Pearson相关,本组全部可行配置；FPS越高越好，延迟越低越好,全空间回溯评分；不是预算搜索轨迹，未计算命中预算,C:\Users\25726\Desktop\论文\应用科学\实验数据\caffe\results.json,571.138433,0.14826447336523202,581.078188,1120.156123,577.663308,1128.387476,,28.014224,0.17870356352159603,8.927327,17.209388,8.862204,17.311122,,28.4317,0.18548395336296122,9.11625,17.582,9.05795,17.65125,,28.53607,0.4875480097502107,9.14489,18.55114,9.10402,24.3419,
caffe,25,A1-B3-C3-D1,force_fp32,16,high_performance_for_all,standard_l2,否,数值验证缺失或失败,27,,,,,0.999,"14,43,66",3,仅本组初始L9中可行配置；指标极差归一化；样本标准差与Pearson相关,本组全部可行配置；FPS越高越好，延迟越低越好,全空间回溯评分；不是预算搜索轨迹，未计算命中预算,C:\Users\25726\Desktop\论文\应用科学\实验数据\caffe\results.json,571.219566,0.14826447336523202,581.078188,1120.156123,577.663308,1128.387476,,28.010245,0.17870356352159603,8.927327,17.209388,8.862204,17.311122,,28.47785,0.18548395336296122,9.11625,17.582,9.05795,17.65125,,28.54423,0.4875480097502107,9.14489,18.55114,9.10402,24.3419,
caffe,26,A1-B3-C3-D2,force_fp32,16,high_performance_for_all,l2_with_tiling,否,数值验证缺失或失败,27,,,,,0.999,"14,43,66",3,仅本组初始L9中可行配置；指标极差归一化；样本标准差与Pearson相关,本组全部可行配置；FPS越高越好，延迟越低越好,全空间回溯评分；不是预算搜索轨迹，未计算命中预算,C:\Users\25726\Desktop\论文\应用科学\实验数据\caffe\results.json,571.3149,0.14826447336523202,581.078188,1120.156123,577.663308,1128.387476,,28.005571,0.17870356352159603,8.927327,17.209388,8.862204,17.311122,,28.3752,0.18548395336296122,9.11625,17.582,9.05795,17.65125,,28.50052,0.4875480097502107,9.14489,18.55114,9.10402,24.3419,
caffe,27,A1-B3-C3-D3,force_fp32,16,high_performance_for_all,l2_single_stream,否,数值验证缺失或失败,27,,,,,0.999,"14,43,66",3,仅本组初始L9中可行配置；指标极差归一化；样本标准差与Pearson相关,本组全部可行配置；FPS越高越好，延迟越低越好,全空间回溯评分；不是预算搜索轨迹，未计算命中预算,C:\Users\25726\Desktop\论文\应用科学\实验数据\caffe\results.json,570.972874,0.14826447336523202,581.078188,1120.156123,577.663308,1128.387476,,28.022347,0.17870356352159603,8.927327,17.209388,8.862204,17.311122,,28.4253,0.18548395336296122,9.11625,17.582,9.05795,17.65125,,28.55459,0.4875480097502107,9.14489,18.55114,9.10402,24.3419,
caffe,28,A2-B1-C1-D1,allow_fp32_to_fp16,1,high_precision,standard_l2,否,数值验证缺失或失败,27,,,,,0.999,"14,43,66",3,仅本组初始L9中可行配置；指标极差归一化；样本标准差与Pearson相关,本组全部可行配置；FPS越高越好，延迟越低越好,全空间回溯评分；不是预算搜索轨迹，未计算命中预算,C:\Users\25726\Desktop\论文\应用科学\实验数据\caffe\results.json,806.159705,0.14826447336523202,581.078188,1120.156123,577.663308,1128.387476,,1.240449,0.17870356352159603,8.927327,17.209388,8.862204,17.311122,,1.19795,0.18548395336296122,9.11625,17.582,9.05795,17.65125,,3.57959,0.4875480097502107,9.14489,18.55114,9.10402,24.3419,
caffe,29,A2-B1-C1-D2,allow_fp32_to_fp16,1,high_precision,l2_with_tiling,否,数值验证缺失或失败,27,,,,,0.999,"14,43,66",3,仅本组初始L9中可行配置；指标极差归一化；样本标准差与Pearson相关,本组全部可行配置；FPS越高越好，延迟越低越好,全空间回溯评分；不是预算搜索轨迹，未计算命中预算,C:\Users\25726\Desktop\论文\应用科学\实验数据\caffe\results.json,902.062204,0.14826447336523202,581.078188,1120.156123,577.663308,1128.387476,,1.108571,0.17870356352159603,8.927327,17.209388,8.862204,17.311122,,1.13655,0.18548395336296122,9.11625,17.582,9.05795,17.65125,,1.21948,0.4875480097502107,9.14489,18.55114,9.10402,24.3419,
caffe,30,A2-B1-C1-D3,allow_fp32_to_fp16,1,high_precision,l2_single_stream,否,数值验证缺失或失败,27,,,,,0.999,"14,43,66",3,仅本组初始L9中可行配置；指标极差归一化；样本标准差与Pearson相关,本组全部可行配置；FPS越高越好，延迟越低越好,全空间回溯评分；不是预算搜索轨迹，未计算命中预算,C:\Users\25726\Desktop\论文\应用科学\实验数据\caffe\results.json,896.713009,0.14826447336523202,581.078188,1120.156123,577.663308,1128.387476,,1.115184,0.17870356352159603,8.927327,17.209388,8.862204,17.311122,,1.15275,0.18548395336296122,9.11625,17.582,9.05795,17.65125,,1.19572,0.4875480097502107,9.14489,18.55114,9.10402,24.3419,
caffe,31,A2-B1-C2-D1,allow_fp32_to_fp16,1,high_performance,standard_l2,否,数值验证缺失或失败,27,,,,,0.999,"14,43,66",3,仅本组初始L9中可行配置；指标极差归一化；样本标准差与Pearson相关,本组全部可行配置；FPS越高越好，延迟越低越好,全空间回溯评分；不是预算搜索轨迹，未计算命中预算,C:\Users\25726\Desktop\论文\应用科学\实验数据\caffe\results.json,897.46869,0.14826447336523202,581.078188,1120.156123,577.663308,1128.387476,,1.114245,0.17870356352159603,8.927327,17.209388,8.862204,17.311122,,1.16455,0.18548395336296122,9.11625,17.582,9.05795,17.65125,,1.30713,0.4875480097502107,9.14489,18.55114,9.10402,24.3419,
caffe,32,A2-B1-C2-D2,allow_fp32_to_fp16,1,high_performance,l2_with_tiling,否,数值验证缺失或失败,27,,,,,0.999,"14,43,66",3,仅本组初始L9中可行配置；指标极差归一化；样本标准差与Pearson相关,本组全部可行配置；FPS越高越好，延迟越低越好,全空间回溯评分；不是预算搜索轨迹，未计算命中预算,C:\Users\25726\Desktop\论文\应用科学\实验数据\caffe\results.json,896.860987,0.14826447336523202,581.078188,1120.156123,577.663308,1128.387476,,1.115,0.17870356352159603,8.927327,17.209388,8.862204,17.311122,,1.16345,0.18548395336296122,9.11625,17.582,9.05795,17.65125,,1.22878,0.4875480097502107,9.14489,18.55114,9.10402,24.3419,
caffe,33,A2-B1-C2-D3,allow_fp32_to_fp16,1,high_performance,l2_single_stream,否,数值验证缺失或失败,27,,,,,0.999,"14,43,66",3,仅本组初始L9中可行配置；指标极差归一化；样本标准差与Pearson相关,本组全部可行配置；FPS越高越好，延迟越低越好,全空间回溯评分；不是预算搜索轨迹，未计算命中预算,C:\Users\25726\Desktop\论文\应用科学\实验数据\caffe\results.json,900.884669,0.14826447336523202,581.078188,1120.156123,577.663308,1128.387476,,1.11002,0.17870356352159603,8.927327,17.209388,8.862204,17.311122,,1.13885,0.18548395336296122,9.11625,17.582,9.05795,17.65125,,1.20989,0.4875480097502107,9.14489,18.55114,9.10402,24.3419,
caffe,34,A2-B1-C3-D1,allow_fp32_to_fp16,1,high_performance_for_all,standard_l2,否,数值验证缺失或失败,27,,,,,0.999,"14,43,66",3,仅本组初始L9中可行配置；指标极差归一化；样本标准差与Pearson相关,本组全部可行配置；FPS越高越好，延迟越低越好,全空间回溯评分；不是预算搜索轨迹，未计算命中预算,C:\Users\25726\Desktop\论文\应用科学\实验数据\caffe\results.json,894.846579,0.14826447336523202,581.078188,1120.156123,577.663308,1128.387476,,1.11751,0.17870356352159603,8.927327,17.209388,8.862204,17.311122,,1.1595,0.18548395336296122,9.11625,17.582,9.05795,17.65125,,1.20907,0.4875480097502107,9.14489,18.55114,9.10402,24.3419,
caffe,35,A2-B1-C3-D2,allow_fp32_to_fp16,1,high_performance_for_all,l2_with_tiling,否,数值验证缺失或失败,27,,,,,0.999,"14,43,66",3,仅本组初始L9中可行配置；指标极差归一化；样本标准差与Pearson相关,本组全部可行配置；FPS越高越好，延迟越低越好,全空间回溯评分；不是预算搜索轨迹，未计算命中预算,C:\Users\25726\Desktop\论文\应用科学\实验数据\caffe\results.json,903.025859,0.14826447336523202,581.078188,1120.156123,577.663308,1128.387476,,1.107388,0.17870356352159603,8.927327,17.209388,8.862204,17.311122,,1.14185,0.18548395336296122,9.11625,17.582,9.05795,17.65125,,1.21639,0.4875480097502107,9.14489,18.55114,9.10402,24.3419,
caffe,36,A2-B1-C3-D3,allow_fp32_to_fp16,1,high_performance_for_all,l2_single_stream,否,数值验证缺失或失败,27,,,,,0.999,"14,43,66",3,仅本组初始L9中可行配置；指标极差归一化；样本标准差与Pearson相关,本组全部可行配置；FPS越高越好，延迟越低越好,全空间回溯评分；不是预算搜索轨迹，未计算命中预算,C:\Users\25726\Desktop\论文\应用科学\实验数据\caffe\results.json,885.131212,0.14826447336523202,581.078188,1120.156123,577.663308,1128.387476,,1.129776,0.17870356352159603,8.927327,17.209388,8.862204,17.311122,,1.18585,0.18548395336296122,9.11625,17.582,9.05795,17.65125,,1.25943,0.4875480097502107,9.14489,18.55114,9.10402,24.3419,
caffe,46,A2-B3-C1-D1,allow_fp32_to_fp16,16,high_precision,standard_l2,否,数值验证缺失或失败,27,,,,,0.999,"14,43,66",3,仅本组初始L9中可行配置；指标极差归一化；样本标准差与Pearson相关,本组全部可行配置；FPS越高越好，延迟越低越好,全空间回溯评分；不是预算搜索轨迹，未计算命中预算,C:\Users\25726\Desktop\论文\应用科学\实验数据\caffe\results.json,578.571303,0.14826447336523202,581.078188,1120.156123,577.663308,1128.387476,,27.654327,0.17870356352159603,8.927327,17.209388,8.862204,17.311122,,28.01675,0.18548395336296122,9.11625,17.582,9.05795,17.65125,,28.58914,0.4875480097502107,9.14489,18.55114,9.10402,24.3419,
caffe,47,A2-B3-C1-D2,allow_fp32_to_fp16,16,high_precision,l2_with_tiling,否,数值验证缺失或失败,27,,,,,0.999,"14,43,66",3,仅本组初始L9中可行配置；指标极差归一化；样本标准差与Pearson相关,本组全部可行配置；FPS越高越好，延迟越低越好,全空间回溯评分；不是预算搜索轨迹，未计算命中预算,C:\Users\25726\Desktop\论文\应用科学\实验数据\caffe\results.json,580.942142,0.14826447336523202,581.078188,1120.156123,577.663308,1128.387476,,27.541469,0.17870356352159603,8.927327,17.209388,8.862204,17.311122,,27.94155,0.18548395336296122,9.11625,17.582,9.05795,17.65125,,28.06065,0.4875480097502107,9.14489,18.55114,9.10402,24.3419,
caffe,48,A2-B3-C1-D3,allow_fp32_to_fp16,16,high_precision,l2_single_stream,否,数值验证缺失或失败,27,,,,,0.999,"14,43,66",3,仅本组初始L9中可行配置；指标极差归一化；样本标准差与Pearson相关,本组全部可行配置；FPS越高越好，延迟越低越好,全空间回溯评分；不是预算搜索轨迹，未计算命中预算,C:\Users\25726\Desktop\论文\应用科学\实验数据\caffe\results.json,577.815288,0.14826447336523202,581.078188,1120.156123,577.663308,1128.387476,,27.69051,0.17870356352159603,8.927327,17.209388,8.862204,17.311122,,28.0021,0.18548395336296122,9.11625,17.582,9.05795,17.65125,,29.62106,0.4875480097502107,9.14489,18.55114,9.10402,24.3419,
caffe,49,A2-B3-C2-D1,allow_fp32_to_fp16,16,high_performance,standard_l2,否,数值验证缺失或失败,27,,,,,0.999,"14,43,66",3,仅本组初始L9中可行配置；指标极差归一化；样本标准差与Pearson相关,本组全部可行配置；FPS越高越好，延迟越低越好,全空间回溯评分；不是预算搜索轨迹，未计算命中预算,C:\Users\25726\Desktop\论文\应用科学\实验数据\caffe\results.json,580.478016,0.14826447336523202,581.078188,1120.156123,577.663308,1128.387476,,27.56349,0.17870356352159603,8.927327,17.209388,8.862204,17.311122,,27.92015,0.18548395336296122,9.11625,17.582,9.05795,17.65125,,27.94991,0.4875480097502107,9.14489,18.55114,9.10402,24.3419,
caffe,50,A2-B3-C2-D2,allow_fp32_to_fp16,16,high_performance,l2_with_tiling,否,数值验证缺失或失败,27,,,,,0.999,"14,43,66",3,仅本组初始L9中可行配置；指标极差归一化；样本标准差与Pearson相关,本组全部可行配置；FPS越高越好，延迟越低越好,全空间回溯评分；不是预算搜索轨迹，未计算命中预算,C:\Users\25726\Desktop\论文\应用科学\实验数据\caffe\results.json,579.769298,0.14826447336523202,581.078188,1120.156123,577.663308,1128.387476,,27.597184,0.17870356352159603,8.927327,17.209388,8.862204,17.311122,,28.0787,0.18548395336296122,9.11625,17.582,9.05795,17.65125,,28.21151,0.4875480097502107,9.14489,18.55114,9.10402,24.3419,
caffe,51,A2-B3-C2-D3,allow_fp32_to_fp16,16,high_performance,l2_single_stream,否,数值验证缺失或失败,27,,,,,0.999,"14,43,66",3,仅本组初始L9中可行配置；指标极差归一化；样本标准差与Pearson相关,本组全部可行配置；FPS越高越好，延迟越低越好,全空间回溯评分；不是预算搜索轨迹，未计算命中预算,C:\Users\25726\Desktop\论文\应用科学\实验数据\caffe\results.json,581.11136,0.14826447336523202,581.078188,1120.156123,577.663308,1128.387476,,27.533449,0.17870356352159603,8.927327,17.209388,8.862204,17.311122,,27.93795,0.18548395336296122,9.11625,17.582,9.05795,17.65125,,28.05984,0.4875480097502107,9.14489,18.55114,9.10402,24.3419,
caffe,52,A2-B3-C3-D1,allow_fp32_to_fp16,16,high_performance_for_all,standard_l2,否,数值验证缺失或失败,27,,,,,0.999,"14,43,66",3,仅本组初始L9中可行配置；指标极差归一化；样本标准差与Pearson相关,本组全部可行配置；FPS越高越好，延迟越低越好,全空间回溯评分；不是预算搜索轨迹，未计算命中预算,C:\Users\25726\Desktop\论文\应用科学\实验数据\caffe\results.json,579.796736,0.14826447336523202,581.078188,1120.156123,577.663308,1128.387476,,27.595878,0.17870356352159603,8.927327,17.209388,8.862204,17.311122,,28.10875,0.18548395336296122,9.11625,17.582,9.05795,17.65125,,28.2262,0.4875480097502107,9.14489,18.55114,9.10402,24.3419,
caffe,53,A2-B3-C3-D2,allow_fp32_to_fp16,16,high_performance_for_all,l2_with_tiling,否,数值验证缺失或失败,27,,,,,0.999,"14,43,66",3,仅本组初始L9中可行配置；指标极差归一化；样本标准差与Pearson相关,本组全部可行配置；FPS越高越好，延迟越低越好,全空间回溯评分；不是预算搜索轨迹，未计算命中预算,C:\Users\25726\Desktop\论文\应用科学\实验数据\caffe\results.json,580.311314,0.14826447336523202,581.078188,1120.156123,577.663308,1128.387476,,27.571408,0.17870356352159603,8.927327,17.209388,8.862204,17.311122,,27.93595,0.18548395336296122,9.11625,17.582,9.05795,17.65125,,28.0591,0.4875480097502107,9.14489,18.55114,9.10402,24.3419,
caffe,54,A2-B3-C3-D3,allow_fp32_to_fp16,16,high_performance_for_all,l2_single_stream,否,数值验证缺失或失败,27,,,,,0.999,"14,43,66",3,仅本组初始L9中可行配置；指标极差归一化；样本标准差与Pearson相关,本组全部可行配置；FPS越高越好，延迟越低越好,全空间回溯评分；不是预算搜索轨迹，未计算命中预算,C:\Users\25726\Desktop\论文\应用科学\实验数据\caffe\results.json,579.706721,0.14826447336523202,581.078188,1120.156123,577.663308,1128.387476,,27.600163,0.17870356352159603,8.927327,17.209388,8.862204,17.311122,,27.95615,0.18548395336296122,9.11625,17.582,9.05795,17.65125,,28.10294,0.4875480097502107,9.14489,18.55114,9.10402,24.3419,
caffe,55,A3-B1-C1-D1,force_fp16,1,high_precision,standard_l2,否,数值验证缺失或失败,27,,,,,0.999,"14,43,66",3,仅本组初始L9中可行配置；指标极差归一化；样本标准差与Pearson相关,本组全部可行配置；FPS越高越好，延迟越低越好,全空间回溯评分；不是预算搜索轨迹，未计算命中预算,C:\Users\25726\Desktop\论文\应用科学\实验数据\caffe\results.json,1502.78993,0.14826447336523202,581.078188,1120.156123,577.663308,1128.387476,,0.665429,0.17870356352159603,8.927327,17.209388,8.862204,17.311122,,0.71335,0.18548395336296122,9.11625,17.582,9.05795,17.65125,,0.75613,0.4875480097502107,9.14489,18.55114,9.10402,24.3419,
caffe,56,A3-B1-C1-D2,force_fp16,1,high_precision,l2_with_tiling,否,数值验证缺失或失败,27,,,,,0.999,"14,43,66",3,仅本组初始L9中可行配置；指标极差归一化；样本标准差与Pearson相关,本组全部可行配置；FPS越高越好，延迟越低越好,全空间回溯评分；不是预算搜索轨迹，未计算命中预算,C:\Users\25726\Desktop\论文\应用科学\实验数据\caffe\results.json,1439.482707,0.14826447336523202,581.078188,1120.156123,577.663308,1128.387476,,0.694694,0.17870356352159603,8.927327,17.209388,8.862204,17.311122,,0.7806,0.18548395336296122,9.11625,17.582,9.05795,17.65125,,0.8285,0.4875480097502107,9.14489,18.55114,9.10402,24.3419,
caffe,57,A3-B1-C1-D3,force_fp16,1,high_precision,l2_single_stream,否,数值验证缺失或失败,27,,,,,0.999,"14,43,66",3,仅本组初始L9中可行配置；指标极差归一化；样本标准差与Pearson相关,本组全部可行配置；FPS越高越好，延迟越低越好,全空间回溯评分；不是预算搜索轨迹，未计算命中预算,C:\Users\25726\Desktop\论文\应用科学\实验数据\caffe\results.json,1483.140401,0.14826447336523202,581.078188,1120.156123,577.663308,1128.387476,,0.674245,0.17870356352159603,8.927327,17.209388,8.862204,17.311122,,0.72475,0.18548395336296122,9.11625,17.582,9.05795,17.65125,,0.77468,0.4875480097502107,9.14489,18.55114,9.10402,24.3419,
caffe,58,A3-B1-C2-D1,force_fp16,1,high_performance,standard_l2,否,数值验证缺失或失败,27,,,,,0.999,"14,43,66",3,仅本组初始L9中可行配置；指标极差归一化；样本标准差与Pearson相关,本组全部可行配置；FPS越高越好，延迟越低越好,全空间回溯评分；不是预算搜索轨迹，未计算命中预算,C:\Users\25726\Desktop\论文\应用科学\实验数据\caffe\results.json,1492.900512,0.14826447336523202,581.078188,1120.156123,577.663308,1128.387476,,0.669837,0.17870356352159603,8.927327,17.209388,8.862204,17.311122,,0.71265,0.18548395336296122,9.11625,17.582,9.05795,17.65125,,0.76276,0.4875480097502107,9.14489,18.55114,9.10402,24.3419,
caffe,59,A3-B1-C2-D2,force_fp16,1,high_performance,l2_with_tiling,否,数值验证缺失或失败,27,,,,,0.999,"14,43,66",3,仅本组初始L9中可行配置；指标极差归一化；样本标准差与Pearson相关,本组全部可行配置；FPS越高越好，延迟越低越好,全空间回溯评分；不是预算搜索轨迹，未计算命中预算,C:\Users\25726\Desktop\论文\应用科学\实验数据\caffe\results.json,1491.947215,0.14826447336523202,581.078188,1120.156123,577.663308,1128.387476,,0.670265,0.17870356352159603,8.927327,17.209388,8.862204,17.311122,,0.6985,0.18548395336296122,9.11625,17.582,9.05795,17.65125,,0.75552,0.4875480097502107,9.14489,18.55114,9.10402,24.3419,
caffe,60,A3-B1-C2-D3,force_fp16,1,high_performance,l2_single_stream,否,数值验证缺失或失败,27,,,,,0.999,"14,43,66",3,仅本组初始L9中可行配置；指标极差归一化；样本标准差与Pearson相关,本组全部可行配置；FPS越高越好，延迟越低越好,全空间回溯评分；不是预算搜索轨迹，未计算命中预算,C:\Users\25726\Desktop\论文\应用科学\实验数据\caffe\results.json,1492.947317,0.14826447336523202,581.078188,1120.156123,577.663308,1128.387476,,0.669816,0.17870356352159603,8.927327,17.209388,8.862204,17.311122,,0.69555,0.18548395336296122,9.11625,17.582,9.05795,17.65125,,0.76678,0.4875480097502107,9.14489,18.55114,9.10402,24.3419,
caffe,61,A3-B1-C3-D1,force_fp16,1,high_performance_for_all,standard_l2,否,数值验证缺失或失败,27,,,,,0.999,"14,43,66",3,仅本组初始L9中可行配置；指标极差归一化；样本标准差与Pearson相关,本组全部可行配置；FPS越高越好，延迟越低越好,全空间回溯评分；不是预算搜索轨迹，未计算命中预算,C:\Users\25726\Desktop\论文\应用科学\实验数据\caffe\results.json,1470.544984,0.14826447336523202,581.078188,1120.156123,577.663308,1128.387476,,0.68002,0.17870356352159603,8.927327,17.209388,8.862204,17.311122,,0.7313,0.18548395336296122,9.11625,17.582,9.05795,17.65125,,0.89493,0.4875480097502107,9.14489,18.55114,9.10402,24.3419,
caffe,62,A3-B1-C3-D2,force_fp16,1,high_performance_for_all,l2_with_tiling,否,数值验证缺失或失败,27,,,,,0.999,"14,43,66",3,仅本组初始L9中可行配置；指标极差归一化；样本标准差与Pearson相关,本组全部可行配置；FPS越高越好，延迟越低越好,全空间回溯评分；不是预算搜索轨迹，未计算命中预算,C:\Users\25726\Desktop\论文\应用科学\实验数据\caffe\results.json,1320.897523,0.14826447336523202,581.078188,1120.156123,577.663308,1128.387476,,0.757061,0.17870356352159603,8.927327,17.209388,8.862204,17.311122,,0.7704,0.18548395336296122,9.11625,17.582,9.05795,17.65125,,2.58228,0.4875480097502107,9.14489,18.55114,9.10402,24.3419,
caffe,63,A3-B1-C3-D3,force_fp16,1,high_performance_for_all,l2_single_stream,否,数值验证缺失或失败,27,,,,,0.999,"14,43,66",3,仅本组初始L9中可行配置；指标极差归一化；样本标准差与Pearson相关,本组全部可行配置；FPS越高越好，延迟越低越好,全空间回溯评分；不是预算搜索轨迹，未计算命中预算,C:\Users\25726\Desktop\论文\应用科学\实验数据\caffe\results.json,1506.811542,0.14826447336523202,581.078188,1120.156123,577.663308,1128.387476,,0.663653,0.17870356352159603,8.927327,17.209388,8.862204,17.311122,,0.7022,0.18548395336296122,9.11625,17.582,9.05795,17.65125,,0.79222,0.4875480097502107,9.14489,18.55114,9.10402,24.3419,
caffe,73,A3-B3-C1-D1,force_fp16,16,high_precision,standard_l2,否,数值验证缺失或失败,27,,,,,0.999,"14,43,66",3,仅本组初始L9中可行配置；指标极差归一化；样本标准差与Pearson相关,本组全部可行配置；FPS越高越好，延迟越低越好,全空间回溯评分；不是预算搜索轨迹，未计算命中预算,C:\Users\25726\Desktop\论文\应用科学\实验数据\caffe\results.json,1099.218483,0.14826447336523202,581.078188,1120.156123,577.663308,1128.387476,,14.555796,0.17870356352159603,8.927327,17.209388,8.862204,17.311122,,14.73455,0.18548395336296122,9.11625,17.582,9.05795,17.65125,,17.0052,0.4875480097502107,9.14489,18.55114,9.10402,24.3419,
caffe,74,A3-B3-C1-D2,force_fp16,16,high_precision,l2_with_tiling,否,数值验证缺失或失败,27,,,,,0.999,"14,43,66",3,仅本组初始L9中可行配置；指标极差归一化；样本标准差与Pearson相关,本组全部可行配置；FPS越高越好，延迟越低越好,全空间回溯评分；不是预算搜索轨迹，未计算命中预算,C:\Users\25726\Desktop\论文\应用科学\实验数据\caffe\results.json,1104.508452,0.14826447336523202,581.078188,1120.156123,577.663308,1128.387476,,14.486082,0.17870356352159603,8.927327,17.209388,8.862204,17.311122,,14.77325,0.18548395336296122,9.11625,17.582,9.05795,17.65125,,14.90353,0.4875480097502107,9.14489,18.55114,9.10402,24.3419,
caffe,75,A3-B3-C1-D3,force_fp16,16,high_precision,l2_single_stream,否,数值验证缺失或失败,27,,,,,0.999,"14,43,66",3,仅本组初始L9中可行配置；指标极差归一化；样本标准差与Pearson相关,本组全部可行配置；FPS越高越好，延迟越低越好,全空间回溯评分；不是预算搜索轨迹，未计算命中预算,C:\Users\25726\Desktop\论文\应用科学\实验数据\caffe\results.json,1106.197826,0.14826447336523202,581.078188,1120.156123,577.663308,1128.387476,,14.463959,0.17870356352159603,8.927327,17.209388,8.862204,17.311122,,14.72945,0.18548395336296122,9.11625,17.582,9.05795,17.65125,,14.94715,0.4875480097502107,9.14489,18.55114,9.10402,24.3419,
caffe,76,A3-B3-C2-D1,force_fp16,16,high_performance,standard_l2,否,数值验证缺失或失败,27,,,,,0.999,"14,43,66",3,仅本组初始L9中可行配置；指标极差归一化；样本标准差与Pearson相关,本组全部可行配置；FPS越高越好，延迟越低越好,全空间回溯评分；不是预算搜索轨迹，未计算命中预算,C:\Users\25726\Desktop\论文\应用科学\实验数据\caffe\results.json,1098.422274,0.14826447336523202,581.078188,1120.156123,577.663308,1128.387476,,14.566347,0.17870356352159603,8.927327,17.209388,8.862204,17.311122,,14.7601,0.18548395336296122,9.11625,17.582,9.05795,17.65125,,17.48261,0.4875480097502107,9.14489,18.55114,9.10402,24.3419,
caffe,77,A3-B3-C2-D2,force_fp16,16,high_performance,l2_with_tiling,否,数值验证缺失或失败,27,,,,,0.999,"14,43,66",3,仅本组初始L9中可行配置；指标极差归一化；样本标准差与Pearson相关,本组全部可行配置；FPS越高越好，延迟越低越好,全空间回溯评分；不是预算搜索轨迹，未计算命中预算,C:\Users\25726\Desktop\论文\应用科学\实验数据\caffe\results.json,1102.436619,0.14826447336523202,581.078188,1120.156123,577.663308,1128.387476,,14.513306,0.17870356352159603,8.927327,17.209388,8.862204,17.311122,,14.79655,0.18548395336296122,9.11625,17.582,9.05795,17.65125,,15.22793,0.4875480097502107,9.14489,18.55114,9.10402,24.3419,
caffe,78,A3-B3-C2-D3,force_fp16,16,high_performance,l2_single_stream,否,数值验证缺失或失败,27,,,,,0.999,"14,43,66",3,仅本组初始L9中可行配置；指标极差归一化；样本标准差与Pearson相关,本组全部可行配置；FPS越高越好，延迟越低越好,全空间回溯评分；不是预算搜索轨迹，未计算命中预算,C:\Users\25726\Desktop\论文\应用科学\实验数据\caffe\results.json,1108.652136,0.14826447336523202,581.078188,1120.156123,577.663308,1128.387476,,14.431939,0.17870356352159603,8.927327,17.209388,8.862204,17.311122,,14.70975,0.18548395336296122,9.11625,17.582,9.05795,17.65125,,14.81414,0.4875480097502107,9.14489,18.55114,9.10402,24.3419,
caffe,79,A3-B3-C3-D1,force_fp16,16,high_performance_for_all,standard_l2,否,数值验证缺失或失败,27,,,,,0.999,"14,43,66",3,仅本组初始L9中可行配置；指标极差归一化；样本标准差与Pearson相关,本组全部可行配置；FPS越高越好，延迟越低越好,全空间回溯评分；不是预算搜索轨迹，未计算命中预算,C:\Users\25726\Desktop\论文\应用科学\实验数据\caffe\results.json,1088.20426,0.14826447336523202,581.078188,1120.156123,577.663308,1128.387476,,14.703122,0.17870356352159603,8.927327,17.209388,8.862204,17.311122,,14.77545,0.18548395336296122,9.11625,17.582,9.05795,17.65125,,20.14001,0.4875480097502107,9.14489,18.55114,9.10402,24.3419,
caffe,80,A3-B3-C3-D2,force_fp16,16,high_performance_for_all,l2_with_tiling,否,数值验证缺失或失败,27,,,,,0.999,"14,43,66",3,仅本组初始L9中可行配置；指标极差归一化；样本标准差与Pearson相关,本组全部可行配置；FPS越高越好，延迟越低越好,全空间回溯评分；不是预算搜索轨迹，未计算命中预算,C:\Users\25726\Desktop\论文\应用科学\实验数据\caffe\results.json,1107.651239,0.14826447336523202,581.078188,1120.156123,577.663308,1128.387476,,14.44498,0.17870356352159603,8.927327,17.209388,8.862204,17.311122,,14.70655,0.18548395336296122,9.11625,17.582,9.05795,17.65125,,14.77916,0.4875480097502107,9.14489,18.55114,9.10402,24.3419,
caffe,81,A3-B3-C3-D3,force_fp16,16,high_performance_for_all,l2_single_stream,否,数值验证缺失或失败,27,,,,,0.999,"14,43,66",3,仅本组初始L9中可行配置；指标极差归一化；样本标准差与Pearson相关,本组全部可行配置；FPS越高越好，延迟越低越好,全空间回溯评分；不是预算搜索轨迹，未计算命中预算,C:\Users\25726\Desktop\论文\应用科学\实验数据\caffe\results.json,1099.569979,0.14826447336523202,581.078188,1120.156123,577.663308,1128.387476,,14.551143,0.17870356352159603,8.927327,17.209388,8.862204,17.311122,,14.7314,0.18548395336296122,9.11625,17.582,9.05795,17.65125,,16.47711,0.4875480097502107,9.14489,18.55114,9.10402,24.3419,
