数据组,实验序号,配置ID,A水平,B水平,C水平,D水平,精度模式,Batch,算子实现,图优化策略,Buffer优化,Tiling优化,单流,输入形状,编译成功,记录检查,FPS,平均批延迟_ms,P95批延迟_ms,P99批延迟_ms,平均余弦,最小余弦,实际测量Batch,验证样本数,随机种子,验证错误,其他错误,ATC命令,数据来源
tf,1,A1-B1-C1-D1,1,1,1,1,force_fp32,1,high_precision,standard_l2,l2_optimize,0,否,"input_1:1,224,224,3",是,记录满足检查,133.348944,7.499122,7.49435,11.94263,1,0.999998,1,10,42,,,"atc --model=/home/AscendWork/auto_tune2.0/resnet-50-tensorflow2-classification-v1-quchong.onnx --input_shape=""input_1:1,224,224,3"" --framework=5 --soc_version=Ascend310B1 --output=results/om_models/model_exp1 --precision_mode=force_fp32 --op_select_implmode=high_precision --buffer_optimize=l2_optimize --tiling_schedule_optimize=0 --enable_single_stream=false --input_format=NCHW",C:\Users\25726\Desktop\论文\应用科学\实验数据\tf\results.json
tf,2,A1-B1-C1-D2,1,1,1,2,force_fp32,1,high_precision,l2_with_tiling,l2_optimize,1,否,"input_1:1,224,224,3",是,记录满足检查,134.274526,7.447429,7.4531,10.94738,1,0.999998,1,10,42,,,"atc --model=/home/AscendWork/auto_tune2.0/resnet-50-tensorflow2-classification-v1-quchong.onnx --input_shape=""input_1:1,224,224,3"" --framework=5 --soc_version=Ascend310B1 --output=results/om_models/model_exp2 --precision_mode=force_fp32 --op_select_implmode=high_precision --buffer_optimize=l2_optimize --tiling_schedule_optimize=1 --enable_single_stream=false --input_format=NCHW",C:\Users\25726\Desktop\论文\应用科学\实验数据\tf\results.json
tf,3,A1-B1-C1-D3,1,1,1,3,force_fp32,1,high_precision,l2_single_stream,l2_optimize,0,是,"input_1:1,224,224,3",是,记录满足检查,134.177093,7.452837,7.55515,9.06465,1,0.999998,1,10,42,,,"atc --model=/home/AscendWork/auto_tune2.0/resnet-50-tensorflow2-classification-v1-quchong.onnx --input_shape=""input_1:1,224,224,3"" --framework=5 --soc_version=Ascend310B1 --output=results/om_models/model_exp3 --precision_mode=force_fp32 --op_select_implmode=high_precision --buffer_optimize=l2_optimize --tiling_schedule_optimize=0 --enable_single_stream=true --input_format=NCHW",C:\Users\25726\Desktop\论文\应用科学\实验数据\tf\results.json
tf,4,A1-B1-C2-D1,1,1,2,1,force_fp32,1,high_performance,standard_l2,l2_optimize,0,否,"input_1:1,224,224,3",是,记录满足检查,135.300055,7.39098,7.4431,9.9294,1,0.999998,1,10,42,,,"atc --model=/home/AscendWork/auto_tune2.0/resnet-50-tensorflow2-classification-v1-quchong.onnx --input_shape=""input_1:1,224,224,3"" --framework=5 --soc_version=Ascend310B1 --output=results/om_models/model_exp4 --precision_mode=force_fp32 --op_select_implmode=high_performance --buffer_optimize=l2_optimize --tiling_schedule_optimize=0 --enable_single_stream=false --input_format=NCHW",C:\Users\25726\Desktop\论文\应用科学\实验数据\tf\results.json
tf,5,A1-B1-C2-D2,1,1,2,2,force_fp32,1,high_performance,l2_with_tiling,l2_optimize,1,否,"input_1:1,224,224,3",是,记录满足检查,135.476995,7.381327,7.5034,8.1613,1,0.999998,1,10,42,,,"atc --model=/home/AscendWork/auto_tune2.0/resnet-50-tensorflow2-classification-v1-quchong.onnx --input_shape=""input_1:1,224,224,3"" --framework=5 --soc_version=Ascend310B1 --output=results/om_models/model_exp5 --precision_mode=force_fp32 --op_select_implmode=high_performance --buffer_optimize=l2_optimize --tiling_schedule_optimize=1 --enable_single_stream=false --input_format=NCHW",C:\Users\25726\Desktop\论文\应用科学\实验数据\tf\results.json
tf,6,A1-B1-C2-D3,1,1,2,3,force_fp32,1,high_performance,l2_single_stream,l2_optimize,0,是,"input_1:1,224,224,3",是,记录满足检查,133.646815,7.482408,7.4903,11.37094,1,0.999998,1,10,42,,,"atc --model=/home/AscendWork/auto_tune2.0/resnet-50-tensorflow2-classification-v1-quchong.onnx --input_shape=""input_1:1,224,224,3"" --framework=5 --soc_version=Ascend310B1 --output=results/om_models/model_exp6 --precision_mode=force_fp32 --op_select_implmode=high_performance --buffer_optimize=l2_optimize --tiling_schedule_optimize=0 --enable_single_stream=true --input_format=NCHW",C:\Users\25726\Desktop\论文\应用科学\实验数据\tf\results.json
tf,7,A1-B1-C3-D1,1,1,3,1,force_fp32,1,high_performance_for_all,standard_l2,l2_optimize,0,否,"input_1:1,224,224,3",是,记录满足检查,134.904467,7.412653,7.49465,9.4161,1,0.999998,1,10,42,,,"atc --model=/home/AscendWork/auto_tune2.0/resnet-50-tensorflow2-classification-v1-quchong.onnx --input_shape=""input_1:1,224,224,3"" --framework=5 --soc_version=Ascend310B1 --output=results/om_models/model_exp7 --precision_mode=force_fp32 --op_select_implmode=high_performance_for_all --buffer_optimize=l2_optimize --tiling_schedule_optimize=0 --enable_single_stream=false --input_format=NCHW",C:\Users\25726\Desktop\论文\应用科学\实验数据\tf\results.json
tf,8,A1-B1-C3-D2,1,1,3,2,force_fp32,1,high_performance_for_all,l2_with_tiling,l2_optimize,1,否,"input_1:1,224,224,3",是,记录满足检查,133.100089,7.513143,7.51555,11.36196,1,0.999998,1,10,42,,,"atc --model=/home/AscendWork/auto_tune2.0/resnet-50-tensorflow2-classification-v1-quchong.onnx --input_shape=""input_1:1,224,224,3"" --framework=5 --soc_version=Ascend310B1 --output=results/om_models/model_exp8 --precision_mode=force_fp32 --op_select_implmode=high_performance_for_all --buffer_optimize=l2_optimize --tiling_schedule_optimize=1 --enable_single_stream=false --input_format=NCHW",C:\Users\25726\Desktop\论文\应用科学\实验数据\tf\results.json
tf,9,A1-B1-C3-D3,1,1,3,3,force_fp32,1,high_performance_for_all,l2_single_stream,l2_optimize,0,是,"input_1:1,224,224,3",是,记录满足检查,136.206825,7.341776,7.47265,7.99765,1,0.999998,1,10,42,,,"atc --model=/home/AscendWork/auto_tune2.0/resnet-50-tensorflow2-classification-v1-quchong.onnx --input_shape=""input_1:1,224,224,3"" --framework=5 --soc_version=Ascend310B1 --output=results/om_models/model_exp9 --precision_mode=force_fp32 --op_select_implmode=high_performance_for_all --buffer_optimize=l2_optimize --tiling_schedule_optimize=0 --enable_single_stream=true --input_format=NCHW",C:\Users\25726\Desktop\论文\应用科学\实验数据\tf\results.json
tf,10,A1-B2-C1-D1,1,2,1,1,force_fp32,4,high_precision,standard_l2,l2_optimize,0,否,"input_1:4,224,224,3",是,记录满足检查,129.087412,30.986755,31.3732,31.39673,0.999999,0.999999,4,10,42,,,"atc --model=/home/AscendWork/auto_tune2.0/resnet-50-tensorflow2-classification-v1-quchong.onnx --input_shape=""input_1:4,224,224,3"" --framework=5 --soc_version=Ascend310B1 --output=results/om_models/model_exp10 --precision_mode=force_fp32 --op_select_implmode=high_precision --buffer_optimize=l2_optimize --tiling_schedule_optimize=0 --enable_single_stream=false --input_format=NCHW",C:\Users\25726\Desktop\论文\应用科学\实验数据\tf\results.json
tf,11,A1-B2-C1-D2,1,2,1,2,force_fp32,4,high_precision,l2_with_tiling,l2_optimize,1,否,"input_1:4,224,224,3",是,记录满足检查,128.688891,31.082714,31.45755,31.49564,0.999999,0.999999,4,10,42,,,"atc --model=/home/AscendWork/auto_tune2.0/resnet-50-tensorflow2-classification-v1-quchong.onnx --input_shape=""input_1:4,224,224,3"" --framework=5 --soc_version=Ascend310B1 --output=results/om_models/model_exp11 --precision_mode=force_fp32 --op_select_implmode=high_precision --buffer_optimize=l2_optimize --tiling_schedule_optimize=1 --enable_single_stream=false --input_format=NCHW",C:\Users\25726\Desktop\论文\应用科学\实验数据\tf\results.json
tf,12,A1-B2-C1-D3,1,2,1,3,force_fp32,4,high_precision,l2_single_stream,l2_optimize,0,是,"input_1:4,224,224,3",是,记录满足检查,128.544316,31.117673,31.594,32.36811,0.999999,0.999999,4,10,42,,,"atc --model=/home/AscendWork/auto_tune2.0/resnet-50-tensorflow2-classification-v1-quchong.onnx --input_shape=""input_1:4,224,224,3"" --framework=5 --soc_version=Ascend310B1 --output=results/om_models/model_exp12 --precision_mode=force_fp32 --op_select_implmode=high_precision --buffer_optimize=l2_optimize --tiling_schedule_optimize=0 --enable_single_stream=true --input_format=NCHW",C:\Users\25726\Desktop\论文\应用科学\实验数据\tf\results.json
tf,13,A1-B2-C2-D1,1,2,2,1,force_fp32,4,high_performance,standard_l2,l2_optimize,0,否,"input_1:4,224,224,3",是,记录满足检查,128.297523,31.177531,31.5942,31.6286,0.999999,0.999999,4,10,42,,,"atc --model=/home/AscendWork/auto_tune2.0/resnet-50-tensorflow2-classification-v1-quchong.onnx --input_shape=""input_1:4,224,224,3"" --framework=5 --soc_version=Ascend310B1 --output=results/om_models/model_exp13 --precision_mode=force_fp32 --op_select_implmode=high_performance --buffer_optimize=l2_optimize --tiling_schedule_optimize=0 --enable_single_stream=false --input_format=NCHW",C:\Users\25726\Desktop\论文\应用科学\实验数据\tf\results.json
tf,14,A1-B2-C2-D2,1,2,2,2,force_fp32,4,high_performance,l2_with_tiling,l2_optimize,1,否,"input_1:4,224,224,3",是,记录满足检查,129.240966,30.949939,31.3217,31.54145,0.999999,0.999999,4,10,42,,,"atc --model=/home/AscendWork/auto_tune2.0/resnet-50-tensorflow2-classification-v1-quchong.onnx --input_shape=""input_1:4,224,224,3"" --framework=5 --soc_version=Ascend310B1 --output=results/om_models/model_exp14 --precision_mode=force_fp32 --op_select_implmode=high_performance --buffer_optimize=l2_optimize --tiling_schedule_optimize=1 --enable_single_stream=false --input_format=NCHW",C:\Users\25726\Desktop\论文\应用科学\实验数据\tf\results.json
tf,15,A1-B2-C2-D3,1,2,2,3,force_fp32,4,high_performance,l2_single_stream,l2_optimize,0,是,"input_1:4,224,224,3",是,记录满足检查,128.325495,31.170735,31.4293,35.04122,0.999999,0.999999,4,10,42,,,"atc --model=/home/AscendWork/auto_tune2.0/resnet-50-tensorflow2-classification-v1-quchong.onnx --input_shape=""input_1:4,224,224,3"" --framework=5 --soc_version=Ascend310B1 --output=results/om_models/model_exp15 --precision_mode=force_fp32 --op_select_implmode=high_performance --buffer_optimize=l2_optimize --tiling_schedule_optimize=0 --enable_single_stream=true --input_format=NCHW",C:\Users\25726\Desktop\论文\应用科学\实验数据\tf\results.json
tf,16,A1-B2-C3-D1,1,2,3,1,force_fp32,4,high_performance_for_all,standard_l2,l2_optimize,0,否,"input_1:4,224,224,3",是,记录满足检查,127.935332,31.265796,31.5051,35.6975,0.999999,0.999999,4,10,42,,,"atc --model=/home/AscendWork/auto_tune2.0/resnet-50-tensorflow2-classification-v1-quchong.onnx --input_shape=""input_1:4,224,224,3"" --framework=5 --soc_version=Ascend310B1 --output=results/om_models/model_exp16 --precision_mode=force_fp32 --op_select_implmode=high_performance_for_all --buffer_optimize=l2_optimize --tiling_schedule_optimize=0 --enable_single_stream=false --input_format=NCHW",C:\Users\25726\Desktop\论文\应用科学\实验数据\tf\results.json
tf,17,A1-B2-C3-D2,1,2,3,2,force_fp32,4,high_performance_for_all,l2_with_tiling,l2_optimize,1,否,"input_1:4,224,224,3",是,记录满足检查,128.739944,31.070388,31.4573,31.64197,0.999999,0.999999,4,10,42,,,"atc --model=/home/AscendWork/auto_tune2.0/resnet-50-tensorflow2-classification-v1-quchong.onnx --input_shape=""input_1:4,224,224,3"" --framework=5 --soc_version=Ascend310B1 --output=results/om_models/model_exp17 --precision_mode=force_fp32 --op_select_implmode=high_performance_for_all --buffer_optimize=l2_optimize --tiling_schedule_optimize=1 --enable_single_stream=false --input_format=NCHW",C:\Users\25726\Desktop\论文\应用科学\实验数据\tf\results.json
tf,18,A1-B2-C3-D3,1,2,3,3,force_fp32,4,high_performance_for_all,l2_single_stream,l2_optimize,0,是,"input_1:4,224,224,3",是,记录满足检查,128.634752,31.095796,31.4761,31.5474,0.999999,0.999999,4,10,42,,,"atc --model=/home/AscendWork/auto_tune2.0/resnet-50-tensorflow2-classification-v1-quchong.onnx --input_shape=""input_1:4,224,224,3"" --framework=5 --soc_version=Ascend310B1 --output=results/om_models/model_exp18 --precision_mode=force_fp32 --op_select_implmode=high_performance_for_all --buffer_optimize=l2_optimize --tiling_schedule_optimize=0 --enable_single_stream=true --input_format=NCHW",C:\Users\25726\Desktop\论文\应用科学\实验数据\tf\results.json
tf,19,A1-B3-C1-D1,1,3,1,1,force_fp32,16,high_precision,standard_l2,l2_optimize,0,否,"input_1:16,224,224,3",是,记录满足检查,121.701487,131.469224,132.34855,133.64851,0.999999,0.999999,16,10,42,,,"atc --model=/home/AscendWork/auto_tune2.0/resnet-50-tensorflow2-classification-v1-quchong.onnx --input_shape=""input_1:16,224,224,3"" --framework=5 --soc_version=Ascend310B1 --output=results/om_models/model_exp19 --precision_mode=force_fp32 --op_select_implmode=high_precision --buffer_optimize=l2_optimize --tiling_schedule_optimize=0 --enable_single_stream=false --input_format=NCHW",C:\Users\25726\Desktop\论文\应用科学\实验数据\tf\results.json
tf,20,A1-B3-C1-D2,1,3,1,2,force_fp32,16,high_precision,l2_with_tiling,l2_optimize,1,否,"input_1:16,224,224,3",是,记录满足检查,121.306702,131.897082,132.65065,132.72883,0.999999,0.999999,16,10,42,,,"atc --model=/home/AscendWork/auto_tune2.0/resnet-50-tensorflow2-classification-v1-quchong.onnx --input_shape=""input_1:16,224,224,3"" --framework=5 --soc_version=Ascend310B1 --output=results/om_models/model_exp20 --precision_mode=force_fp32 --op_select_implmode=high_precision --buffer_optimize=l2_optimize --tiling_schedule_optimize=1 --enable_single_stream=false --input_format=NCHW",C:\Users\25726\Desktop\论文\应用科学\实验数据\tf\results.json
tf,21,A1-B3-C1-D3,1,3,1,3,force_fp32,16,high_precision,l2_single_stream,l2_optimize,0,是,"input_1:16,224,224,3",是,记录满足检查,121.65048,131.524347,132.23375,132.65564,0.999999,0.999999,16,10,42,,,"atc --model=/home/AscendWork/auto_tune2.0/resnet-50-tensorflow2-classification-v1-quchong.onnx --input_shape=""input_1:16,224,224,3"" --framework=5 --soc_version=Ascend310B1 --output=results/om_models/model_exp21 --precision_mode=force_fp32 --op_select_implmode=high_precision --buffer_optimize=l2_optimize --tiling_schedule_optimize=0 --enable_single_stream=true --input_format=NCHW",C:\Users\25726\Desktop\论文\应用科学\实验数据\tf\results.json
tf,22,A1-B3-C2-D1,1,3,2,1,force_fp32,16,high_performance,standard_l2,l2_optimize,0,否,"input_1:16,224,224,3",是,记录满足检查,121.551235,131.631735,132.3184,132.81829,0.999999,0.999999,16,10,42,,,"atc --model=/home/AscendWork/auto_tune2.0/resnet-50-tensorflow2-classification-v1-quchong.onnx --input_shape=""input_1:16,224,224,3"" --framework=5 --soc_version=Ascend310B1 --output=results/om_models/model_exp22 --precision_mode=force_fp32 --op_select_implmode=high_performance --buffer_optimize=l2_optimize --tiling_schedule_optimize=0 --enable_single_stream=false --input_format=NCHW",C:\Users\25726\Desktop\论文\应用科学\实验数据\tf\results.json
tf,23,A1-B3-C2-D2,1,3,2,2,force_fp32,16,high_performance,l2_with_tiling,l2_optimize,1,否,"input_1:16,224,224,3",是,记录满足检查,121.769932,131.395327,132.1829,132.40665,0.999999,0.999999,16,10,42,,,"atc --model=/home/AscendWork/auto_tune2.0/resnet-50-tensorflow2-classification-v1-quchong.onnx --input_shape=""input_1:16,224,224,3"" --framework=5 --soc_version=Ascend310B1 --output=results/om_models/model_exp23 --precision_mode=force_fp32 --op_select_implmode=high_performance --buffer_optimize=l2_optimize --tiling_schedule_optimize=1 --enable_single_stream=false --input_format=NCHW",C:\Users\25726\Desktop\论文\应用科学\实验数据\tf\results.json
tf,24,A1-B3-C2-D3,1,3,2,3,force_fp32,16,high_performance,l2_single_stream,l2_optimize,0,是,"input_1:16,224,224,3",是,记录满足检查,121.484823,131.703694,132.66445,133.4755,0.999999,0.999999,16,10,42,,,"atc --model=/home/AscendWork/auto_tune2.0/resnet-50-tensorflow2-classification-v1-quchong.onnx --input_shape=""input_1:16,224,224,3"" --framework=5 --soc_version=Ascend310B1 --output=results/om_models/model_exp24 --precision_mode=force_fp32 --op_select_implmode=high_performance --buffer_optimize=l2_optimize --tiling_schedule_optimize=0 --enable_single_stream=true --input_format=NCHW",C:\Users\25726\Desktop\论文\应用科学\实验数据\tf\results.json
tf,25,A1-B3-C3-D1,1,3,3,1,force_fp32,16,high_performance_for_all,standard_l2,l2_optimize,0,否,"input_1:16,224,224,3",是,记录满足检查,121.688585,131.483163,132.27195,132.64348,0.999999,0.999999,16,10,42,,,"atc --model=/home/AscendWork/auto_tune2.0/resnet-50-tensorflow2-classification-v1-quchong.onnx --input_shape=""input_1:16,224,224,3"" --framework=5 --soc_version=Ascend310B1 --output=results/om_models/model_exp25 --precision_mode=force_fp32 --op_select_implmode=high_performance_for_all --buffer_optimize=l2_optimize --tiling_schedule_optimize=0 --enable_single_stream=false --input_format=NCHW",C:\Users\25726\Desktop\论文\应用科学\实验数据\tf\results.json
tf,26,A1-B3-C3-D2,1,3,3,2,force_fp32,16,high_performance_for_all,l2_with_tiling,l2_optimize,1,否,"input_1:16,224,224,3",是,记录满足检查,121.609326,131.568857,132.3841,132.78947,0.999999,0.999999,16,10,42,,,"atc --model=/home/AscendWork/auto_tune2.0/resnet-50-tensorflow2-classification-v1-quchong.onnx --input_shape=""input_1:16,224,224,3"" --framework=5 --soc_version=Ascend310B1 --output=results/om_models/model_exp26 --precision_mode=force_fp32 --op_select_implmode=high_performance_for_all --buffer_optimize=l2_optimize --tiling_schedule_optimize=1 --enable_single_stream=false --input_format=NCHW",C:\Users\25726\Desktop\论文\应用科学\实验数据\tf\results.json
tf,27,A1-B3-C3-D3,1,3,3,3,force_fp32,16,high_performance_for_all,l2_single_stream,l2_optimize,0,是,"input_1:16,224,224,3",是,记录满足检查,121.368128,131.830327,132.6377,133.45657,0.999999,0.999999,16,10,42,,,"atc --model=/home/AscendWork/auto_tune2.0/resnet-50-tensorflow2-classification-v1-quchong.onnx --input_shape=""input_1:16,224,224,3"" --framework=5 --soc_version=Ascend310B1 --output=results/om_models/model_exp27 --precision_mode=force_fp32 --op_select_implmode=high_performance_for_all --buffer_optimize=l2_optimize --tiling_schedule_optimize=0 --enable_single_stream=true --input_format=NCHW",C:\Users\25726\Desktop\论文\应用科学\实验数据\tf\results.json
tf,28,A2-B1-C1-D1,2,1,1,1,allow_fp32_to_fp16,1,high_precision,standard_l2,l2_optimize,0,否,"input_1:1,224,224,3",是,记录满足检查,155.714731,6.422,6.31755,12.09066,0.999995,0.999985,1,10,42,,,"atc --model=/home/AscendWork/auto_tune2.0/resnet-50-tensorflow2-classification-v1-quchong.onnx --input_shape=""input_1:1,224,224,3"" --framework=5 --soc_version=Ascend310B1 --output=results/om_models/model_exp28 --precision_mode=allow_fp32_to_fp16 --op_select_implmode=high_precision --buffer_optimize=l2_optimize --tiling_schedule_optimize=0 --enable_single_stream=false --input_format=NCHW",C:\Users\25726\Desktop\论文\应用科学\实验数据\tf\results.json
tf,29,A2-B1-C1-D2,2,1,1,2,allow_fp32_to_fp16,1,high_precision,l2_with_tiling,l2_optimize,1,否,"input_1:1,224,224,3",是,记录满足检查,160.276856,6.239204,6.37355,6.44059,0.999995,0.999985,1,10,42,,,"atc --model=/home/AscendWork/auto_tune2.0/resnet-50-tensorflow2-classification-v1-quchong.onnx --input_shape=""input_1:1,224,224,3"" --framework=5 --soc_version=Ascend310B1 --output=results/om_models/model_exp29 --precision_mode=allow_fp32_to_fp16 --op_select_implmode=high_precision --buffer_optimize=l2_optimize --tiling_schedule_optimize=1 --enable_single_stream=false --input_format=NCHW",C:\Users\25726\Desktop\论文\应用科学\实验数据\tf\results.json
tf,30,A2-B1-C1-D3,2,1,1,3,allow_fp32_to_fp16,1,high_precision,l2_single_stream,l2_optimize,0,是,"input_1:1,224,224,3",是,记录满足检查,162.474922,6.154796,6.18075,6.29636,0.999995,0.999985,1,10,42,,,"atc --model=/home/AscendWork/auto_tune2.0/resnet-50-tensorflow2-classification-v1-quchong.onnx --input_shape=""input_1:1,224,224,3"" --framework=5 --soc_version=Ascend310B1 --output=results/om_models/model_exp30 --precision_mode=allow_fp32_to_fp16 --op_select_implmode=high_precision --buffer_optimize=l2_optimize --tiling_schedule_optimize=0 --enable_single_stream=true --input_format=NCHW",C:\Users\25726\Desktop\论文\应用科学\实验数据\tf\results.json
tf,31,A2-B1-C2-D1,2,1,2,1,allow_fp32_to_fp16,1,high_performance,standard_l2,l2_optimize,0,否,"input_1:1,224,224,3",是,记录满足检查,162.19903,6.165265,6.1942,6.46894,0.999995,0.999985,1,10,42,,,"atc --model=/home/AscendWork/auto_tune2.0/resnet-50-tensorflow2-classification-v1-quchong.onnx --input_shape=""input_1:1,224,224,3"" --framework=5 --soc_version=Ascend310B1 --output=results/om_models/model_exp31 --precision_mode=allow_fp32_to_fp16 --op_select_implmode=high_performance --buffer_optimize=l2_optimize --tiling_schedule_optimize=0 --enable_single_stream=false --input_format=NCHW",C:\Users\25726\Desktop\论文\应用科学\实验数据\tf\results.json
tf,32,A2-B1-C2-D2,2,1,2,2,allow_fp32_to_fp16,1,high_performance,l2_with_tiling,l2_optimize,1,否,"input_1:1,224,224,3",是,记录满足检查,162.079388,6.169816,6.1923,6.30219,0.999995,0.999985,1,10,42,,,"atc --model=/home/AscendWork/auto_tune2.0/resnet-50-tensorflow2-classification-v1-quchong.onnx --input_shape=""input_1:1,224,224,3"" --framework=5 --soc_version=Ascend310B1 --output=results/om_models/model_exp32 --precision_mode=allow_fp32_to_fp16 --op_select_implmode=high_performance --buffer_optimize=l2_optimize --tiling_schedule_optimize=1 --enable_single_stream=false --input_format=NCHW",C:\Users\25726\Desktop\论文\应用科学\实验数据\tf\results.json
tf,33,A2-B1-C2-D3,2,1,2,3,allow_fp32_to_fp16,1,high_performance,l2_single_stream,l2_optimize,0,是,"input_1:1,224,224,3",是,记录满足检查,161.567411,6.189367,6.3286,6.37706,0.999995,0.999985,1,10,42,,,"atc --model=/home/AscendWork/auto_tune2.0/resnet-50-tensorflow2-classification-v1-quchong.onnx --input_shape=""input_1:1,224,224,3"" --framework=5 --soc_version=Ascend310B1 --output=results/om_models/model_exp33 --precision_mode=allow_fp32_to_fp16 --op_select_implmode=high_performance --buffer_optimize=l2_optimize --tiling_schedule_optimize=0 --enable_single_stream=true --input_format=NCHW",C:\Users\25726\Desktop\论文\应用科学\实验数据\tf\results.json
tf,34,A2-B1-C3-D1,2,1,3,1,allow_fp32_to_fp16,1,high_performance_for_all,standard_l2,l2_optimize,0,否,"input_1:1,224,224,3",是,记录满足检查,155.576306,6.427714,6.3567,11.69974,0.999995,0.999985,1,10,42,,,"atc --model=/home/AscendWork/auto_tune2.0/resnet-50-tensorflow2-classification-v1-quchong.onnx --input_shape=""input_1:1,224,224,3"" --framework=5 --soc_version=Ascend310B1 --output=results/om_models/model_exp34 --precision_mode=allow_fp32_to_fp16 --op_select_implmode=high_performance_for_all --buffer_optimize=l2_optimize --tiling_schedule_optimize=0 --enable_single_stream=false --input_format=NCHW",C:\Users\25726\Desktop\论文\应用科学\实验数据\tf\results.json
tf,35,A2-B1-C3-D2,2,1,3,2,allow_fp32_to_fp16,1,high_performance_for_all,l2_with_tiling,l2_optimize,1,否,"input_1:1,224,224,3",是,记录满足检查,155.257854,6.440898,6.3733,11.70349,0.999995,0.999985,1,10,42,,,"atc --model=/home/AscendWork/auto_tune2.0/resnet-50-tensorflow2-classification-v1-quchong.onnx --input_shape=""input_1:1,224,224,3"" --framework=5 --soc_version=Ascend310B1 --output=results/om_models/model_exp35 --precision_mode=allow_fp32_to_fp16 --op_select_implmode=high_performance_for_all --buffer_optimize=l2_optimize --tiling_schedule_optimize=1 --enable_single_stream=false --input_format=NCHW",C:\Users\25726\Desktop\论文\应用科学\实验数据\tf\results.json
tf,36,A2-B1-C3-D3,2,1,3,3,allow_fp32_to_fp16,1,high_performance_for_all,l2_single_stream,l2_optimize,0,是,"input_1:1,224,224,3",是,记录满足检查,157.418587,6.35249,6.3302,10.53836,0.999995,0.999985,1,10,42,,,"atc --model=/home/AscendWork/auto_tune2.0/resnet-50-tensorflow2-classification-v1-quchong.onnx --input_shape=""input_1:1,224,224,3"" --framework=5 --soc_version=Ascend310B1 --output=results/om_models/model_exp36 --precision_mode=allow_fp32_to_fp16 --op_select_implmode=high_performance_for_all --buffer_optimize=l2_optimize --tiling_schedule_optimize=0 --enable_single_stream=true --input_format=NCHW",C:\Users\25726\Desktop\论文\应用科学\实验数据\tf\results.json
tf,37,A2-B2-C1-D1,2,2,1,1,allow_fp32_to_fp16,4,high_precision,standard_l2,l2_optimize,0,否,"input_1:4,224,224,3",是,记录满足检查,153.695473,26.02549,26.42795,26.5734,0.999995,0.999988,4,10,42,,,"atc --model=/home/AscendWork/auto_tune2.0/resnet-50-tensorflow2-classification-v1-quchong.onnx --input_shape=""input_1:4,224,224,3"" --framework=5 --soc_version=Ascend310B1 --output=results/om_models/model_exp37 --precision_mode=allow_fp32_to_fp16 --op_select_implmode=high_precision --buffer_optimize=l2_optimize --tiling_schedule_optimize=0 --enable_single_stream=false --input_format=NCHW",C:\Users\25726\Desktop\论文\应用科学\实验数据\tf\results.json
tf,38,A2-B2-C1-D2,2,2,1,2,allow_fp32_to_fp16,4,high_precision,l2_with_tiling,l2_optimize,1,否,"input_1:4,224,224,3",是,记录满足检查,153.634752,26.035776,26.36605,26.55008,0.999995,0.999988,4,10,42,,,"atc --model=/home/AscendWork/auto_tune2.0/resnet-50-tensorflow2-classification-v1-quchong.onnx --input_shape=""input_1:4,224,224,3"" --framework=5 --soc_version=Ascend310B1 --output=results/om_models/model_exp38 --precision_mode=allow_fp32_to_fp16 --op_select_implmode=high_precision --buffer_optimize=l2_optimize --tiling_schedule_optimize=1 --enable_single_stream=false --input_format=NCHW",C:\Users\25726\Desktop\论文\应用科学\实验数据\tf\results.json
tf,39,A2-B2-C1-D3,2,2,1,3,allow_fp32_to_fp16,4,high_precision,l2_single_stream,l2_optimize,0,是,"input_1:4,224,224,3",是,记录满足检查,153.694995,26.025571,26.3371,26.45729,0.999995,0.999988,4,10,42,,,"atc --model=/home/AscendWork/auto_tune2.0/resnet-50-tensorflow2-classification-v1-quchong.onnx --input_shape=""input_1:4,224,224,3"" --framework=5 --soc_version=Ascend310B1 --output=results/om_models/model_exp39 --precision_mode=allow_fp32_to_fp16 --op_select_implmode=high_precision --buffer_optimize=l2_optimize --tiling_schedule_optimize=0 --enable_single_stream=true --input_format=NCHW",C:\Users\25726\Desktop\论文\应用科学\实验数据\tf\results.json
tf,40,A2-B2-C2-D1,2,2,2,1,allow_fp32_to_fp16,4,high_performance,standard_l2,l2_optimize,0,否,"input_1:4,224,224,3",是,记录满足检查,153.742614,26.01751,26.37985,26.46161,0.999995,0.999988,4,10,42,,,"atc --model=/home/AscendWork/auto_tune2.0/resnet-50-tensorflow2-classification-v1-quchong.onnx --input_shape=""input_1:4,224,224,3"" --framework=5 --soc_version=Ascend310B1 --output=results/om_models/model_exp40 --precision_mode=allow_fp32_to_fp16 --op_select_implmode=high_performance --buffer_optimize=l2_optimize --tiling_schedule_optimize=0 --enable_single_stream=false --input_format=NCHW",C:\Users\25726\Desktop\论文\应用科学\实验数据\tf\results.json
tf,41,A2-B2-C2-D2,2,2,2,2,allow_fp32_to_fp16,4,high_performance,l2_with_tiling,l2_optimize,1,否,"input_1:4,224,224,3",是,记录满足检查,152.949704,26.152388,26.44125,29.11023,0.999995,0.999988,4,10,42,,,"atc --model=/home/AscendWork/auto_tune2.0/resnet-50-tensorflow2-classification-v1-quchong.onnx --input_shape=""input_1:4,224,224,3"" --framework=5 --soc_version=Ascend310B1 --output=results/om_models/model_exp41 --precision_mode=allow_fp32_to_fp16 --op_select_implmode=high_performance --buffer_optimize=l2_optimize --tiling_schedule_optimize=1 --enable_single_stream=false --input_format=NCHW",C:\Users\25726\Desktop\论文\应用科学\实验数据\tf\results.json
tf,42,A2-B2-C2-D3,2,2,2,3,allow_fp32_to_fp16,4,high_performance,l2_single_stream,l2_optimize,0,是,"input_1:4,224,224,3",是,记录满足检查,153.514786,26.056122,26.36125,26.93831,0.999995,0.999988,4,10,42,,,"atc --model=/home/AscendWork/auto_tune2.0/resnet-50-tensorflow2-classification-v1-quchong.onnx --input_shape=""input_1:4,224,224,3"" --framework=5 --soc_version=Ascend310B1 --output=results/om_models/model_exp42 --precision_mode=allow_fp32_to_fp16 --op_select_implmode=high_performance --buffer_optimize=l2_optimize --tiling_schedule_optimize=0 --enable_single_stream=true --input_format=NCHW",C:\Users\25726\Desktop\论文\应用科学\实验数据\tf\results.json
tf,43,A2-B2-C3-D1,2,2,3,1,allow_fp32_to_fp16,4,high_performance_for_all,standard_l2,l2_optimize,0,否,"input_1:4,224,224,3",是,记录满足检查,152.948751,26.152551,26.44405,26.55131,0.999995,0.999988,4,10,42,,,"atc --model=/home/AscendWork/auto_tune2.0/resnet-50-tensorflow2-classification-v1-quchong.onnx --input_shape=""input_1:4,224,224,3"" --framework=5 --soc_version=Ascend310B1 --output=results/om_models/model_exp43 --precision_mode=allow_fp32_to_fp16 --op_select_implmode=high_performance_for_all --buffer_optimize=l2_optimize --tiling_schedule_optimize=0 --enable_single_stream=false --input_format=NCHW",C:\Users\25726\Desktop\论文\应用科学\实验数据\tf\results.json
tf,44,A2-B2-C3-D2,2,2,3,2,allow_fp32_to_fp16,4,high_performance_for_all,l2_with_tiling,l2_optimize,1,否,"input_1:4,224,224,3",是,记录满足检查,154.118826,25.954,26.2437,26.40962,0.999995,0.999988,4,10,42,,,"atc --model=/home/AscendWork/auto_tune2.0/resnet-50-tensorflow2-classification-v1-quchong.onnx --input_shape=""input_1:4,224,224,3"" --framework=5 --soc_version=Ascend310B1 --output=results/om_models/model_exp44 --precision_mode=allow_fp32_to_fp16 --op_select_implmode=high_performance_for_all --buffer_optimize=l2_optimize --tiling_schedule_optimize=1 --enable_single_stream=false --input_format=NCHW",C:\Users\25726\Desktop\论文\应用科学\实验数据\tf\results.json
tf,45,A2-B2-C3-D3,2,2,3,3,allow_fp32_to_fp16,4,high_performance_for_all,l2_single_stream,l2_optimize,0,是,"input_1:4,224,224,3",是,记录满足检查,153.478602,26.062265,26.41665,26.61667,0.999995,0.999988,4,10,42,,,"atc --model=/home/AscendWork/auto_tune2.0/resnet-50-tensorflow2-classification-v1-quchong.onnx --input_shape=""input_1:4,224,224,3"" --framework=5 --soc_version=Ascend310B1 --output=results/om_models/model_exp45 --precision_mode=allow_fp32_to_fp16 --op_select_implmode=high_performance_for_all --buffer_optimize=l2_optimize --tiling_schedule_optimize=0 --enable_single_stream=true --input_format=NCHW",C:\Users\25726\Desktop\论文\应用科学\实验数据\tf\results.json
tf,46,A2-B3-C1-D1,2,3,1,1,allow_fp32_to_fp16,16,high_precision,standard_l2,l2_optimize,0,否,"input_1:16,224,224,3",是,记录满足检查,155.733568,102.739571,103.67905,104.59132,0.999994,0.99999,16,10,42,,,"atc --model=/home/AscendWork/auto_tune2.0/resnet-50-tensorflow2-classification-v1-quchong.onnx --input_shape=""input_1:16,224,224,3"" --framework=5 --soc_version=Ascend310B1 --output=results/om_models/model_exp46 --precision_mode=allow_fp32_to_fp16 --op_select_implmode=high_precision --buffer_optimize=l2_optimize --tiling_schedule_optimize=0 --enable_single_stream=false --input_format=NCHW",C:\Users\25726\Desktop\论文\应用科学\实验数据\tf\results.json
tf,47,A2-B3-C1-D2,2,3,1,2,allow_fp32_to_fp16,16,high_precision,l2_with_tiling,l2_optimize,1,否,"input_1:16,224,224,3",是,记录满足检查,156.060212,102.524531,103.3979,103.82464,0.999994,0.99999,16,10,42,,,"atc --model=/home/AscendWork/auto_tune2.0/resnet-50-tensorflow2-classification-v1-quchong.onnx --input_shape=""input_1:16,224,224,3"" --framework=5 --soc_version=Ascend310B1 --output=results/om_models/model_exp47 --precision_mode=allow_fp32_to_fp16 --op_select_implmode=high_precision --buffer_optimize=l2_optimize --tiling_schedule_optimize=1 --enable_single_stream=false --input_format=NCHW",C:\Users\25726\Desktop\论文\应用科学\实验数据\tf\results.json
tf,48,A2-B3-C1-D3,2,3,1,3,allow_fp32_to_fp16,16,high_precision,l2_single_stream,l2_optimize,0,是,"input_1:16,224,224,3",是,记录满足检查,155.488454,102.901531,103.9078,110.36401,0.999994,0.99999,16,10,42,,,"atc --model=/home/AscendWork/auto_tune2.0/resnet-50-tensorflow2-classification-v1-quchong.onnx --input_shape=""input_1:16,224,224,3"" --framework=5 --soc_version=Ascend310B1 --output=results/om_models/model_exp48 --precision_mode=allow_fp32_to_fp16 --op_select_implmode=high_precision --buffer_optimize=l2_optimize --tiling_schedule_optimize=0 --enable_single_stream=true --input_format=NCHW",C:\Users\25726\Desktop\论文\应用科学\实验数据\tf\results.json
tf,49,A2-B3-C2-D1,2,3,2,1,allow_fp32_to_fp16,16,high_performance,standard_l2,l2_optimize,0,否,"input_1:16,224,224,3",是,记录满足检查,156.106668,102.49402,103.2536,103.31924,0.999994,0.99999,16,10,42,,,"atc --model=/home/AscendWork/auto_tune2.0/resnet-50-tensorflow2-classification-v1-quchong.onnx --input_shape=""input_1:16,224,224,3"" --framework=5 --soc_version=Ascend310B1 --output=results/om_models/model_exp49 --precision_mode=allow_fp32_to_fp16 --op_select_implmode=high_performance --buffer_optimize=l2_optimize --tiling_schedule_optimize=0 --enable_single_stream=false --input_format=NCHW",C:\Users\25726\Desktop\论文\应用科学\实验数据\tf\results.json
tf,50,A2-B3-C2-D2,2,3,2,2,allow_fp32_to_fp16,16,high_performance,l2_with_tiling,l2_optimize,1,否,"input_1:16,224,224,3",是,记录满足检查,156.084136,102.508816,103.33905,103.42063,0.999994,0.99999,16,10,42,,,"atc --model=/home/AscendWork/auto_tune2.0/resnet-50-tensorflow2-classification-v1-quchong.onnx --input_shape=""input_1:16,224,224,3"" --framework=5 --soc_version=Ascend310B1 --output=results/om_models/model_exp50 --precision_mode=allow_fp32_to_fp16 --op_select_implmode=high_performance --buffer_optimize=l2_optimize --tiling_schedule_optimize=1 --enable_single_stream=false --input_format=NCHW",C:\Users\25726\Desktop\论文\应用科学\实验数据\tf\results.json
tf,51,A2-B3-C2-D3,2,3,2,3,allow_fp32_to_fp16,16,high_performance,l2_single_stream,l2_optimize,0,是,"input_1:16,224,224,3",是,记录满足检查,155.556204,102.856714,103.7889,104.23537,0.999994,0.99999,16,10,42,,,"atc --model=/home/AscendWork/auto_tune2.0/resnet-50-tensorflow2-classification-v1-quchong.onnx --input_shape=""input_1:16,224,224,3"" --framework=5 --soc_version=Ascend310B1 --output=results/om_models/model_exp51 --precision_mode=allow_fp32_to_fp16 --op_select_implmode=high_performance --buffer_optimize=l2_optimize --tiling_schedule_optimize=0 --enable_single_stream=true --input_format=NCHW",C:\Users\25726\Desktop\论文\应用科学\实验数据\tf\results.json
tf,52,A2-B3-C3-D1,2,3,3,1,allow_fp32_to_fp16,16,high_performance_for_all,standard_l2,l2_optimize,0,否,"input_1:16,224,224,3",是,记录满足检查,155.836587,102.671653,103.48135,103.96064,0.999994,0.99999,16,10,42,,,"atc --model=/home/AscendWork/auto_tune2.0/resnet-50-tensorflow2-classification-v1-quchong.onnx --input_shape=""input_1:16,224,224,3"" --framework=5 --soc_version=Ascend310B1 --output=results/om_models/model_exp52 --precision_mode=allow_fp32_to_fp16 --op_select_implmode=high_performance_for_all --buffer_optimize=l2_optimize --tiling_schedule_optimize=0 --enable_single_stream=false --input_format=NCHW",C:\Users\25726\Desktop\论文\应用科学\实验数据\tf\results.json
tf,53,A2-B3-C3-D2,2,3,3,2,allow_fp32_to_fp16,16,high_performance_for_all,l2_with_tiling,l2_optimize,1,否,"input_1:16,224,224,3",是,记录满足检查,155.617957,102.815898,103.66215,104.02054,0.999994,0.99999,16,10,42,,,"atc --model=/home/AscendWork/auto_tune2.0/resnet-50-tensorflow2-classification-v1-quchong.onnx --input_shape=""input_1:16,224,224,3"" --framework=5 --soc_version=Ascend310B1 --output=results/om_models/model_exp53 --precision_mode=allow_fp32_to_fp16 --op_select_implmode=high_performance_for_all --buffer_optimize=l2_optimize --tiling_schedule_optimize=1 --enable_single_stream=false --input_format=NCHW",C:\Users\25726\Desktop\论文\应用科学\实验数据\tf\results.json
tf,54,A2-B3-C3-D3,2,3,3,3,allow_fp32_to_fp16,16,high_performance_for_all,l2_single_stream,l2_optimize,0,是,"input_1:16,224,224,3",是,记录满足检查,155.985475,102.573653,103.3688,103.48132,0.999994,0.99999,16,10,42,,,"atc --model=/home/AscendWork/auto_tune2.0/resnet-50-tensorflow2-classification-v1-quchong.onnx --input_shape=""input_1:16,224,224,3"" --framework=5 --soc_version=Ascend310B1 --output=results/om_models/model_exp54 --precision_mode=allow_fp32_to_fp16 --op_select_implmode=high_performance_for_all --buffer_optimize=l2_optimize --tiling_schedule_optimize=0 --enable_single_stream=true --input_format=NCHW",C:\Users\25726\Desktop\论文\应用科学\实验数据\tf\results.json
tf,55,A3-B1-C1-D1,3,1,1,1,force_fp16,1,high_precision,standard_l2,l2_optimize,0,否,"input_1:1,224,224,3",是,记录满足检查,298.478328,3.350327,3.44475,8.09995,0.999992,0.99997,1,10,42,,,"atc --model=/home/AscendWork/auto_tune2.0/resnet-50-tensorflow2-classification-v1-quchong.onnx --input_shape=""input_1:1,224,224,3"" --framework=5 --soc_version=Ascend310B1 --output=results/om_models/model_exp55 --precision_mode=force_fp16 --op_select_implmode=high_precision --buffer_optimize=l2_optimize --tiling_schedule_optimize=0 --enable_single_stream=false --input_format=NCHW",C:\Users\25726\Desktop\论文\应用科学\实验数据\tf\results.json
tf,56,A3-B1-C1-D2,3,1,1,2,force_fp16,1,high_precision,l2_with_tiling,l2_optimize,1,否,"input_1:1,224,224,3",是,记录满足检查,300.500995,3.327776,3.377,3.44867,0.999992,0.99997,1,10,42,,,"atc --model=/home/AscendWork/auto_tune2.0/resnet-50-tensorflow2-classification-v1-quchong.onnx --input_shape=""input_1:1,224,224,3"" --framework=5 --soc_version=Ascend310B1 --output=results/om_models/model_exp56 --precision_mode=force_fp16 --op_select_implmode=high_precision --buffer_optimize=l2_optimize --tiling_schedule_optimize=1 --enable_single_stream=false --input_format=NCHW",C:\Users\25726\Desktop\论文\应用科学\实验数据\tf\results.json
tf,57,A3-B1-C1-D3,3,1,1,3,force_fp16,1,high_precision,l2_single_stream,l2_optimize,0,是,"input_1:1,224,224,3",是,记录满足检查,297.283188,3.363796,3.40765,4.2098,0.999992,0.99997,1,10,42,,,"atc --model=/home/AscendWork/auto_tune2.0/resnet-50-tensorflow2-classification-v1-quchong.onnx --input_shape=""input_1:1,224,224,3"" --framework=5 --soc_version=Ascend310B1 --output=results/om_models/model_exp57 --precision_mode=force_fp16 --op_select_implmode=high_precision --buffer_optimize=l2_optimize --tiling_schedule_optimize=0 --enable_single_stream=true --input_format=NCHW",C:\Users\25726\Desktop\论文\应用科学\实验数据\tf\results.json
tf,58,A3-B1-C2-D1,3,1,2,1,force_fp16,1,high_performance,standard_l2,l2_optimize,0,否,"input_1:1,224,224,3",是,记录满足检查,301.772461,3.313755,3.3441,3.41722,0.999992,0.99997,1,10,42,,,"atc --model=/home/AscendWork/auto_tune2.0/resnet-50-tensorflow2-classification-v1-quchong.onnx --input_shape=""input_1:1,224,224,3"" --framework=5 --soc_version=Ascend310B1 --output=results/om_models/model_exp58 --precision_mode=force_fp16 --op_select_implmode=high_performance --buffer_optimize=l2_optimize --tiling_schedule_optimize=0 --enable_single_stream=false --input_format=NCHW",C:\Users\25726\Desktop\论文\应用科学\实验数据\tf\results.json
tf,59,A3-B1-C2-D2,3,1,2,2,force_fp16,1,high_performance,l2_with_tiling,l2_optimize,1,否,"input_1:1,224,224,3",是,记录满足检查,283.143665,3.531776,3.45095,8.00302,0.999992,0.99997,1,10,42,,,"atc --model=/home/AscendWork/auto_tune2.0/resnet-50-tensorflow2-classification-v1-quchong.onnx --input_shape=""input_1:1,224,224,3"" --framework=5 --soc_version=Ascend310B1 --output=results/om_models/model_exp59 --precision_mode=force_fp16 --op_select_implmode=high_performance --buffer_optimize=l2_optimize --tiling_schedule_optimize=1 --enable_single_stream=false --input_format=NCHW",C:\Users\25726\Desktop\论文\应用科学\实验数据\tf\results.json
tf,60,A3-B1-C2-D3,3,1,2,3,force_fp16,1,high_performance,l2_single_stream,l2_optimize,0,是,"input_1:1,224,224,3",是,记录满足检查,281.014834,3.558531,3.4493,8.83169,0.999992,0.99997,1,10,42,,,"atc --model=/home/AscendWork/auto_tune2.0/resnet-50-tensorflow2-classification-v1-quchong.onnx --input_shape=""input_1:1,224,224,3"" --framework=5 --soc_version=Ascend310B1 --output=results/om_models/model_exp60 --precision_mode=force_fp16 --op_select_implmode=high_performance --buffer_optimize=l2_optimize --tiling_schedule_optimize=0 --enable_single_stream=true --input_format=NCHW",C:\Users\25726\Desktop\论文\应用科学\实验数据\tf\results.json
tf,61,A3-B1-C3-D1,3,1,3,1,force_fp16,1,high_performance_for_all,standard_l2,l2_optimize,0,否,"input_1:1,224,224,3",是,记录满足检查,301.460516,3.317184,3.35935,3.55045,0.999992,0.99997,1,10,42,,,"atc --model=/home/AscendWork/auto_tune2.0/resnet-50-tensorflow2-classification-v1-quchong.onnx --input_shape=""input_1:1,224,224,3"" --framework=5 --soc_version=Ascend310B1 --output=results/om_models/model_exp61 --precision_mode=force_fp16 --op_select_implmode=high_performance_for_all --buffer_optimize=l2_optimize --tiling_schedule_optimize=0 --enable_single_stream=false --input_format=NCHW",C:\Users\25726\Desktop\论文\应用科学\实验数据\tf\results.json
tf,62,A3-B1-C3-D2,3,1,3,2,force_fp16,1,high_performance_for_all,l2_with_tiling,l2_optimize,1,否,"input_1:1,224,224,3",是,记录满足检查,287.803575,3.474592,3.447,6.70219,0.999992,0.99997,1,10,42,,,"atc --model=/home/AscendWork/auto_tune2.0/resnet-50-tensorflow2-classification-v1-quchong.onnx --input_shape=""input_1:1,224,224,3"" --framework=5 --soc_version=Ascend310B1 --output=results/om_models/model_exp62 --precision_mode=force_fp16 --op_select_implmode=high_performance_for_all --buffer_optimize=l2_optimize --tiling_schedule_optimize=1 --enable_single_stream=false --input_format=NCHW",C:\Users\25726\Desktop\论文\应用科学\实验数据\tf\results.json
tf,63,A3-B1-C3-D3,3,1,3,3,force_fp16,1,high_performance_for_all,l2_single_stream,l2_optimize,0,是,"input_1:1,224,224,3",是,记录满足检查,300.908895,3.323265,3.3651,3.42768,0.999992,0.99997,1,10,42,,,"atc --model=/home/AscendWork/auto_tune2.0/resnet-50-tensorflow2-classification-v1-quchong.onnx --input_shape=""input_1:1,224,224,3"" --framework=5 --soc_version=Ascend310B1 --output=results/om_models/model_exp63 --precision_mode=force_fp16 --op_select_implmode=high_performance_for_all --buffer_optimize=l2_optimize --tiling_schedule_optimize=0 --enable_single_stream=true --input_format=NCHW",C:\Users\25726\Desktop\论文\应用科学\实验数据\tf\results.json
tf,64,A3-B2-C1-D1,3,2,1,1,force_fp16,4,high_precision,standard_l2,l2_optimize,0,否,"input_1:4,224,224,3",是,记录满足检查,325.184904,12.300694,12.56375,14.97923,0.999992,0.999983,4,10,42,,,"atc --model=/home/AscendWork/auto_tune2.0/resnet-50-tensorflow2-classification-v1-quchong.onnx --input_shape=""input_1:4,224,224,3"" --framework=5 --soc_version=Ascend310B1 --output=results/om_models/model_exp64 --precision_mode=force_fp16 --op_select_implmode=high_precision --buffer_optimize=l2_optimize --tiling_schedule_optimize=0 --enable_single_stream=false --input_format=NCHW",C:\Users\25726\Desktop\论文\应用科学\实验数据\tf\results.json
tf,65,A3-B2-C1-D2,3,2,1,2,force_fp16,4,high_precision,l2_with_tiling,l2_optimize,1,否,"input_1:4,224,224,3",是,记录满足检查,325.186517,12.300633,12.49,12.58098,0.999992,0.999983,4,10,42,,,"atc --model=/home/AscendWork/auto_tune2.0/resnet-50-tensorflow2-classification-v1-quchong.onnx --input_shape=""input_1:4,224,224,3"" --framework=5 --soc_version=Ascend310B1 --output=results/om_models/model_exp65 --precision_mode=force_fp16 --op_select_implmode=high_precision --buffer_optimize=l2_optimize --tiling_schedule_optimize=1 --enable_single_stream=false --input_format=NCHW",C:\Users\25726\Desktop\论文\应用科学\实验数据\tf\results.json
tf,66,A3-B2-C1-D3,3,2,1,3,force_fp16,4,high_precision,l2_single_stream,l2_optimize,0,是,"input_1:4,224,224,3",是,记录满足检查,326.205099,12.262224,12.40545,12.61758,0.999992,0.999983,4,10,42,,,"atc --model=/home/AscendWork/auto_tune2.0/resnet-50-tensorflow2-classification-v1-quchong.onnx --input_shape=""input_1:4,224,224,3"" --framework=5 --soc_version=Ascend310B1 --output=results/om_models/model_exp66 --precision_mode=force_fp16 --op_select_implmode=high_precision --buffer_optimize=l2_optimize --tiling_schedule_optimize=0 --enable_single_stream=true --input_format=NCHW",C:\Users\25726\Desktop\论文\应用科学\实验数据\tf\results.json
tf,67,A3-B2-C2-D1,3,2,2,1,force_fp16,4,high_performance,standard_l2,l2_optimize,0,否,"input_1:4,224,224,3",是,记录满足检查,323.626743,12.359918,12.5408,13.48952,0.999992,0.999983,4,10,42,,,"atc --model=/home/AscendWork/auto_tune2.0/resnet-50-tensorflow2-classification-v1-quchong.onnx --input_shape=""input_1:4,224,224,3"" --framework=5 --soc_version=Ascend310B1 --output=results/om_models/model_exp67 --precision_mode=force_fp16 --op_select_implmode=high_performance --buffer_optimize=l2_optimize --tiling_schedule_optimize=0 --enable_single_stream=false --input_format=NCHW",C:\Users\25726\Desktop\论文\应用科学\实验数据\tf\results.json
tf,68,A3-B2-C2-D2,3,2,2,2,force_fp16,4,high_performance,l2_with_tiling,l2_optimize,1,否,"input_1:4,224,224,3",是,记录满足检查,322.007757,12.422061,12.6235,14.97104,0.999992,0.999983,4,10,42,,,"atc --model=/home/AscendWork/auto_tune2.0/resnet-50-tensorflow2-classification-v1-quchong.onnx --input_shape=""input_1:4,224,224,3"" --framework=5 --soc_version=Ascend310B1 --output=results/om_models/model_exp68 --precision_mode=force_fp16 --op_select_implmode=high_performance --buffer_optimize=l2_optimize --tiling_schedule_optimize=1 --enable_single_stream=false --input_format=NCHW",C:\Users\25726\Desktop\论文\应用科学\实验数据\tf\results.json
tf,69,A3-B2-C2-D3,3,2,2,3,force_fp16,4,high_performance,l2_single_stream,l2_optimize,0,是,"input_1:4,224,224,3",是,记录满足检查,323.604828,12.360755,12.5311,12.59748,0.999992,0.999983,4,10,42,,,"atc --model=/home/AscendWork/auto_tune2.0/resnet-50-tensorflow2-classification-v1-quchong.onnx --input_shape=""input_1:4,224,224,3"" --framework=5 --soc_version=Ascend310B1 --output=results/om_models/model_exp69 --precision_mode=force_fp16 --op_select_implmode=high_performance --buffer_optimize=l2_optimize --tiling_schedule_optimize=0 --enable_single_stream=true --input_format=NCHW",C:\Users\25726\Desktop\论文\应用科学\实验数据\tf\results.json
tf,70,A3-B2-C3-D1,3,2,3,1,force_fp16,4,high_performance_for_all,standard_l2,l2_optimize,0,否,"input_1:4,224,224,3",是,记录满足检查,325.310657,12.295939,12.4686,12.57017,0.999992,0.999983,4,10,42,,,"atc --model=/home/AscendWork/auto_tune2.0/resnet-50-tensorflow2-classification-v1-quchong.onnx --input_shape=""input_1:4,224,224,3"" --framework=5 --soc_version=Ascend310B1 --output=results/om_models/model_exp70 --precision_mode=force_fp16 --op_select_implmode=high_performance_for_all --buffer_optimize=l2_optimize --tiling_schedule_optimize=0 --enable_single_stream=false --input_format=NCHW",C:\Users\25726\Desktop\论文\应用科学\实验数据\tf\results.json
tf,71,A3-B2-C3-D2,3,2,3,2,force_fp16,4,high_performance_for_all,l2_with_tiling,l2_optimize,1,否,"input_1:4,224,224,3",是,记录满足检查,324.789396,12.315673,12.5072,13.73922,0.999992,0.999983,4,10,42,,,"atc --model=/home/AscendWork/auto_tune2.0/resnet-50-tensorflow2-classification-v1-quchong.onnx --input_shape=""input_1:4,224,224,3"" --framework=5 --soc_version=Ascend310B1 --output=results/om_models/model_exp71 --precision_mode=force_fp16 --op_select_implmode=high_performance_for_all --buffer_optimize=l2_optimize --tiling_schedule_optimize=1 --enable_single_stream=false --input_format=NCHW",C:\Users\25726\Desktop\论文\应用科学\实验数据\tf\results.json
tf,72,A3-B2-C3-D3,3,2,3,3,force_fp16,4,high_performance_for_all,l2_single_stream,l2_optimize,0,是,"input_1:4,224,224,3",是,数值验证缺失或失败,,,,,0.988883,0.988874,,,,,,"atc --model=/home/AscendWork/auto_tune2.0/resnet-50-tensorflow2-classification-v1-quchong.onnx --input_shape=""input_1:4,224,224,3"" --framework=5 --soc_version=Ascend310B1 --output=results/om_models/model_exp72 --precision_mode=force_fp16 --op_select_implmode=high_performance_for_all --buffer_optimize=l2_optimize --tiling_schedule_optimize=0 --enable_single_stream=true --input_format=NCHW",C:\Users\25726\Desktop\论文\应用科学\实验数据\tf\results.json
tf,73,A3-B3-C1-D1,3,3,1,1,force_fp16,16,high_precision,standard_l2,l2_optimize,0,否,"input_1:16,224,224,3",是,数值验证缺失或失败,,,,,0.988883,0.988874,,,,,,"atc --model=/home/AscendWork/auto_tune2.0/resnet-50-tensorflow2-classification-v1-quchong.onnx --input_shape=""input_1:16,224,224,3"" --framework=5 --soc_version=Ascend310B1 --output=results/om_models/model_exp73 --precision_mode=force_fp16 --op_select_implmode=high_precision --buffer_optimize=l2_optimize --tiling_schedule_optimize=0 --enable_single_stream=false --input_format=NCHW",C:\Users\25726\Desktop\论文\应用科学\实验数据\tf\results.json
tf,74,A3-B3-C1-D2,3,3,1,2,force_fp16,16,high_precision,l2_with_tiling,l2_optimize,1,否,"input_1:16,224,224,3",是,数值验证缺失或失败,,,,,0.988883,0.988874,,,,,,"atc --model=/home/AscendWork/auto_tune2.0/resnet-50-tensorflow2-classification-v1-quchong.onnx --input_shape=""input_1:16,224,224,3"" --framework=5 --soc_version=Ascend310B1 --output=results/om_models/model_exp74 --precision_mode=force_fp16 --op_select_implmode=high_precision --buffer_optimize=l2_optimize --tiling_schedule_optimize=1 --enable_single_stream=false --input_format=NCHW",C:\Users\25726\Desktop\论文\应用科学\实验数据\tf\results.json
tf,75,A3-B3-C1-D3,3,3,1,3,force_fp16,16,high_precision,l2_single_stream,l2_optimize,0,是,"input_1:16,224,224,3",是,数值验证缺失或失败,,,,,0.988883,0.988874,,,,,,"atc --model=/home/AscendWork/auto_tune2.0/resnet-50-tensorflow2-classification-v1-quchong.onnx --input_shape=""input_1:16,224,224,3"" --framework=5 --soc_version=Ascend310B1 --output=results/om_models/model_exp75 --precision_mode=force_fp16 --op_select_implmode=high_precision --buffer_optimize=l2_optimize --tiling_schedule_optimize=0 --enable_single_stream=true --input_format=NCHW",C:\Users\25726\Desktop\论文\应用科学\实验数据\tf\results.json
tf,76,A3-B3-C2-D1,3,3,2,1,force_fp16,16,high_performance,standard_l2,l2_optimize,0,否,"input_1:16,224,224,3",是,数值验证缺失或失败,,,,,0.988883,0.988874,,,,,,"atc --model=/home/AscendWork/auto_tune2.0/resnet-50-tensorflow2-classification-v1-quchong.onnx --input_shape=""input_1:16,224,224,3"" --framework=5 --soc_version=Ascend310B1 --output=results/om_models/model_exp76 --precision_mode=force_fp16 --op_select_implmode=high_performance --buffer_optimize=l2_optimize --tiling_schedule_optimize=0 --enable_single_stream=false --input_format=NCHW",C:\Users\25726\Desktop\论文\应用科学\实验数据\tf\results.json
tf,77,A3-B3-C2-D2,3,3,2,2,force_fp16,16,high_performance,l2_with_tiling,l2_optimize,1,否,"input_1:16,224,224,3",是,数值验证缺失或失败,,,,,0.988883,0.988874,,,,,,"atc --model=/home/AscendWork/auto_tune2.0/resnet-50-tensorflow2-classification-v1-quchong.onnx --input_shape=""input_1:16,224,224,3"" --framework=5 --soc_version=Ascend310B1 --output=results/om_models/model_exp77 --precision_mode=force_fp16 --op_select_implmode=high_performance --buffer_optimize=l2_optimize --tiling_schedule_optimize=1 --enable_single_stream=false --input_format=NCHW",C:\Users\25726\Desktop\论文\应用科学\实验数据\tf\results.json
tf,78,A3-B3-C2-D3,3,3,2,3,force_fp16,16,high_performance,l2_single_stream,l2_optimize,0,是,"input_1:16,224,224,3",是,数值验证缺失或失败,,,,,0.988883,0.988874,,,,,,"atc --model=/home/AscendWork/auto_tune2.0/resnet-50-tensorflow2-classification-v1-quchong.onnx --input_shape=""input_1:16,224,224,3"" --framework=5 --soc_version=Ascend310B1 --output=results/om_models/model_exp78 --precision_mode=force_fp16 --op_select_implmode=high_performance --buffer_optimize=l2_optimize --tiling_schedule_optimize=0 --enable_single_stream=true --input_format=NCHW",C:\Users\25726\Desktop\论文\应用科学\实验数据\tf\results.json
tf,79,A3-B3-C3-D1,3,3,3,1,force_fp16,16,high_performance_for_all,standard_l2,l2_optimize,0,否,"input_1:16,224,224,3",是,数值验证缺失或失败,,,,,0.988883,0.988874,,,,,,"atc --model=/home/AscendWork/auto_tune2.0/resnet-50-tensorflow2-classification-v1-quchong.onnx --input_shape=""input_1:16,224,224,3"" --framework=5 --soc_version=Ascend310B1 --output=results/om_models/model_exp79 --precision_mode=force_fp16 --op_select_implmode=high_performance_for_all --buffer_optimize=l2_optimize --tiling_schedule_optimize=0 --enable_single_stream=false --input_format=NCHW",C:\Users\25726\Desktop\论文\应用科学\实验数据\tf\results.json
tf,80,A3-B3-C3-D2,3,3,3,2,force_fp16,16,high_performance_for_all,l2_with_tiling,l2_optimize,1,否,"input_1:16,224,224,3",是,数值验证缺失或失败,,,,,0.988883,0.988874,,,,,,"atc --model=/home/AscendWork/auto_tune2.0/resnet-50-tensorflow2-classification-v1-quchong.onnx --input_shape=""input_1:16,224,224,3"" --framework=5 --soc_version=Ascend310B1 --output=results/om_models/model_exp80 --precision_mode=force_fp16 --op_select_implmode=high_performance_for_all --buffer_optimize=l2_optimize --tiling_schedule_optimize=1 --enable_single_stream=false --input_format=NCHW",C:\Users\25726\Desktop\论文\应用科学\实验数据\tf\results.json
tf,81,A3-B3-C3-D3,3,3,3,3,force_fp16,16,high_performance_for_all,l2_single_stream,l2_optimize,0,是,"input_1:16,224,224,3",是,数值验证缺失或失败,,,,,0.988883,0.988874,,,,,,"atc --model=/home/AscendWork/auto_tune2.0/resnet-50-tensorflow2-classification-v1-quchong.onnx --input_shape=""input_1:16,224,224,3"" --framework=5 --soc_version=Ascend310B1 --output=results/om_models/model_exp81 --precision_mode=force_fp16 --op_select_implmode=high_performance_for_all --buffer_optimize=l2_optimize --tiling_schedule_optimize=0 --enable_single_stream=true --input_format=NCHW",C:\Users\25726\Desktop\论文\应用科学\实验数据\tf\results.json
